"Genes"	"Topic"	"count"
"1"	"Probes"	"ACE2"	5
"2"	"MARCH7"	"ACE2"	0
"3"	"SEPT10"	"ACE2"	0
"4"	"AASS"	"ACE2"	0
"5"	"AATF"	"ACE2"	0
"6"	"ACACA"	"ACE2"	0
"7"	"ACADM"	"ACE2"	0
"8"	"ACE2"	"ACE2"	1876
"9"	"ACSL1"	"ACE2"	0
"10"	"ACSL5"	"ACE2"	0
"11"	"ACSM3"	"ACE2"	0
"12"	"ACSS3"	"ACE2"	0
"13"	"ADAM10"	"ACE2"	2
"14"	"ADAMTS3"	"ACE2"	0
"15"	"ADD3"	"ACE2"	0
"16"	"ADSS"	"ACE2"	0
"17"	"AGL"	"ACE2"	0
"18"	"AGTPBP1"	"ACE2"	0
"19"	"AHCYL2"	"ACE2"	0
"20"	"AIFM1"	"ACE2"	0
"21"	"AKAP12"	"ACE2"	0
"22"	"AKAP7"	"ACE2"	0
"23"	"AKAP9"	"ACE2"	0
"24"	"ALKBH3"	"ACE2"	0
"25"	"ALOX15B"	"ACE2"	0
"26"	"ALPK1"	"ACE2"	0
"27"	"ANK3"	"ACE2"	0
"28"	"ANKRD17"	"ACE2"	0
"29"	"ANKRD36C"	"ACE2"	0
"30"	"AP2B1"	"ACE2"	0
"31"	"AP3B1"	"ACE2"	0
"32"	"AP5M1"	"ACE2"	0
"33"	"API5"	"ACE2"	0
"34"	"AQR"	"ACE2"	0
"35"	"ARFGEF1"	"ACE2"	0
"36"	"ARHGAP12"	"ACE2"	0
"37"	"ARHGAP18"	"ACE2"	0
"38"	"ARHGAP42"	"ACE2"	0
"39"	"ARID4A"	"ACE2"	0
"40"	"ARL15"	"ACE2"	0
"41"	"ARL6IP1"	"ACE2"	0
"42"	"ARMC8"	"ACE2"	0
"43"	"ARPC2"	"ACE2"	0
"44"	"ASCC3"	"ACE2"	0
"45"	"ASPH"	"ACE2"	0
"46"	"ATAD1"	"ACE2"	0
"47"	"ATE1"	"ACE2"	0
"48"	"ATF1"	"ACE2"	0
"49"	"ATG2B"	"ACE2"	0
"50"	"ATG3"	"ACE2"	0
"51"	"ATG4A"	"ACE2"	0
"52"	"ATIC"	"ACE2"	0
"53"	"ATMIN"	"ACE2"	0
"54"	"ATP11B"	"ACE2"	0
"55"	"ATP11C"	"ACE2"	0
"56"	"ATP6V1C1"	"ACE2"	0
"57"	"ATP6V1D"	"ACE2"	0
"58"	"ATP6V1E1"	"ACE2"	0
"59"	"ATP9B"	"ACE2"	0
"60"	"ATRX"	"ACE2"	0
"61"	"AZIN1"	"ACE2"	0
"62"	"BAZ1B"	"ACE2"	0
"63"	"BBS7"	"ACE2"	0
"64"	"BCAP29"	"ACE2"	0
"65"	"BCLAF3"	"ACE2"	0
"66"	"BLZF1"	"ACE2"	0
"67"	"BOD1L1"	"ACE2"	0
"68"	"BROX"	"ACE2"	0
"69"	"BRWD3"	"ACE2"	0
"70"	"BZW1"	"ACE2"	0
"71"	"C10orf76"	"ACE2"	0
"72"	"C11orf58"	"ACE2"	0
"73"	"C12orf4"	"ACE2"	0
"74"	"C1GALT1"	"ACE2"	0
"75"	"C1orf112"	"ACE2"	0
"76"	"C1orf27"	"ACE2"	0
"77"	"C5"	"ACE2"	0
"78"	"C5orf42"	"ACE2"	0
"79"	"C6orf62"	"ACE2"	0
"80"	"CAPZA1"	"ACE2"	0
"81"	"CAST"	"ACE2"	1
"82"	"CBX1"	"ACE2"	0
"83"	"CCAR1"	"ACE2"	0
"84"	"CCDC91"	"ACE2"	0
"85"	"CCNG1"	"ACE2"	0
"86"	"CCP110"	"ACE2"	0
"87"	"CCSER2"	"ACE2"	0
"88"	"CCT4"	"ACE2"	0
"89"	"CD164"	"ACE2"	0
"90"	"CD46"	"ACE2"	0
"91"	"CDC37L1"	"ACE2"	0
"92"	"CDC42BPA"	"ACE2"	0
"93"	"CDC73"	"ACE2"	0
"94"	"CENPC"	"ACE2"	0
"95"	"CEP57"	"ACE2"	0
"96"	"CEP70"	"ACE2"	0
"97"	"CEP83"	"ACE2"	0
"98"	"CFH"	"ACE2"	0
"99"	"CFTR"	"ACE2"	1
"100"	"CHD1"	"ACE2"	0
"101"	"CHD6"	"ACE2"	0
"102"	"CIR1"	"ACE2"	0
"103"	"CKAP2"	"ACE2"	0
"104"	"CLCC1"	"ACE2"	0
"105"	"CLIP1"	"ACE2"	0
"106"	"CLTC"	"ACE2"	0
"107"	"CNDP2"	"ACE2"	0
"108"	"CNOT1"	"ACE2"	0
"109"	"CNOT10"	"ACE2"	0
"110"	"CNOT7"	"ACE2"	0
"111"	"CNTRL"	"ACE2"	0
"112"	"COBLL1"	"ACE2"	0
"113"	"COG5"	"ACE2"	0
"114"	"COPS2"	"ACE2"	0
"115"	"COX15"	"ACE2"	0
"116"	"CREB1"	"ACE2"	0
"117"	"CS"	"ACE2"	10
"118"	"CSE1L"	"ACE2"	0
"119"	"CSNK1A1"	"ACE2"	0
"120"	"CTNNB1"	"ACE2"	1
"121"	"CTR9"	"ACE2"	0
"122"	"CUL4A"	"ACE2"	0
"123"	"CWC22"	"ACE2"	0
"124"	"CYP2C18"	"ACE2"	0
"125"	"DAAM1"	"ACE2"	0
"126"	"DAP3"	"ACE2"	0
"127"	"DARS"	"ACE2"	0
"128"	"DCAF6"	"ACE2"	0
"129"	"DCBLD2"	"ACE2"	0
"130"	"DDHD1"	"ACE2"	0
"131"	"DENND4A"	"ACE2"	0
"132"	"DENND4C"	"ACE2"	0
"133"	"DHX32"	"ACE2"	0
"134"	"DICER1"	"ACE2"	0
"135"	"DLD"	"ACE2"	1
"136"	"DMXL1"	"ACE2"	0
"137"	"DNAJC10"	"ACE2"	0
"138"	"DNAJC13"	"ACE2"	0
"139"	"DNTTIP2"	"ACE2"	0
"140"	"DPYD"	"ACE2"	0
"141"	"DYNC1LI1"	"ACE2"	0
"142"	"DYNLT3"	"ACE2"	0
"143"	"ECHDC1"	"ACE2"	0
"144"	"EDEM3"	"ACE2"	0
"145"	"EED"	"ACE2"	0
"146"	"EFCAB7"	"ACE2"	0
"147"	"EFR3A"	"ACE2"	0
"148"	"EFTUD2"	"ACE2"	0
"149"	"EIF3A"	"ACE2"	0
"150"	"EIF3D"	"ACE2"	0
"151"	"EIF3M"	"ACE2"	0
"152"	"ELOA"	"ACE2"	0
"153"	"ELOVL5"	"ACE2"	0
"154"	"EPB41L4A"	"ACE2"	0
"155"	"EPC2"	"ACE2"	0
"156"	"EPS8"	"ACE2"	0
"157"	"ERC1"	"ACE2"	0
"158"	"ERGIC2"	"ACE2"	0
"159"	"ERI2"	"ACE2"	0
"160"	"EXOC8"	"ACE2"	0
"161"	"EXOSC9"	"ACE2"	0
"162"	"FAF1"	"ACE2"	0
"163"	"FAM102B"	"ACE2"	0
"164"	"FAM199X"	"ACE2"	0
"165"	"FAM214A"	"ACE2"	0
"166"	"FBXL3"	"ACE2"	0
"167"	"FBXO3"	"ACE2"	0
"168"	"FBXO30"	"ACE2"	0
"169"	"FCHO2"	"ACE2"	0
"170"	"FEM1B"	"ACE2"	0
"171"	"FGD4"	"ACE2"	0
"172"	"FGFR1OP2"	"ACE2"	0
"173"	"FIG4"	"ACE2"	0
"174"	"FIP1L1"	"ACE2"	0
"175"	"FNDC3A"	"ACE2"	0
"176"	"FNIP2"	"ACE2"	0
"177"	"G3BP1"	"ACE2"	0
"178"	"GALNT1"	"ACE2"	0
"179"	"GART"	"ACE2"	0
"180"	"GCC2"	"ACE2"	0
"181"	"GCLC"	"ACE2"	0
"182"	"GFM2"	"ACE2"	0
"183"	"GGNBP2"	"ACE2"	0
"184"	"GIGYF2"	"ACE2"	0
"185"	"GNA13"	"ACE2"	0
"186"	"GNE"	"ACE2"	0
"187"	"GOLIM4"	"ACE2"	0
"188"	"GOPC"	"ACE2"	0
"189"	"GPATCH2"	"ACE2"	0
"190"	"GPBP1"	"ACE2"	0
"191"	"GPHN"	"ACE2"	0
"192"	"GPN3"	"ACE2"	0
"193"	"GSKIP"	"ACE2"	0
"194"	"GTF2H1"	"ACE2"	0
"195"	"HACD2"	"ACE2"	0
"196"	"HAT1"	"ACE2"	0
"197"	"HCFC2"	"ACE2"	0
"198"	"HDAC2"	"ACE2"	0
"199"	"HEATR5A"	"ACE2"	0
"200"	"HGD"	"ACE2"	0
"201"	"HIF1A"	"ACE2"	2
"202"	"HMGB1"	"ACE2"	3
"203"	"HMGB2"	"ACE2"	0
"204"	"HNRNPA3"	"ACE2"	0
"205"	"HNRNPDL"	"ACE2"	0
"206"	"HNRNPH2"	"ACE2"	0
"207"	"HNRNPLL"	"ACE2"	0
"208"	"HOOK3"	"ACE2"	0
"209"	"HS2ST1"	"ACE2"	0
"210"	"HSD17B4"	"ACE2"	0
"211"	"HSPA4"	"ACE2"	0
"212"	"IBTK"	"ACE2"	0
"213"	"ICE1"	"ACE2"	0
"214"	"IDH1"	"ACE2"	0
"215"	"IDH3A"	"ACE2"	0
"216"	"IFT80"	"ACE2"	0
"217"	"IL13RA1"	"ACE2"	0
"218"	"IMPA1"	"ACE2"	0
"219"	"INTS12"	"ACE2"	0
"220"	"IPO7"	"ACE2"	0
"221"	"IQGAP1"	"ACE2"	0
"222"	"KANSL1L"	"ACE2"	0
"223"	"KARS"	"ACE2"	0
"224"	"KAT2B"	"ACE2"	0
"225"	"KATNBL1"	"ACE2"	0
"226"	"KDM3A"	"ACE2"	0
"227"	"KDM5B"	"ACE2"	0
"228"	"KIAA1586"	"ACE2"	0
"229"	"KIF27"	"ACE2"	0
"230"	"KIF3A"	"ACE2"	0
"231"	"KIZ"	"ACE2"	0
"232"	"KLHDC10"	"ACE2"	0
"233"	"KLHL7"	"ACE2"	0
"234"	"KLHL8"	"ACE2"	0
"235"	"KMO"	"ACE2"	0
"236"	"KNTC1"	"ACE2"	0
"237"	"KPNA3"	"ACE2"	0
"238"	"KTN1"	"ACE2"	0
"239"	"LARP4"	"ACE2"	0
"240"	"LGALS8"	"ACE2"	0
"241"	"LIG4"	"ACE2"	0
"242"	"LIN7C"	"ACE2"	0
"243"	"LMBRD2"	"ACE2"	0
"244"	"LRPPRC"	"ACE2"	0
"245"	"LRRC40"	"ACE2"	0
"246"	"LUC7L3"	"ACE2"	0
"247"	"LYSMD3"	"ACE2"	0
"248"	"MALT1"	"ACE2"	0
"249"	"MAN2A1"	"ACE2"	0
"250"	"MAP3K4"	"ACE2"	0
"251"	"MAP4K5"	"ACE2"	0
"252"	"MAP9"	"ACE2"	0
"253"	"MAPK9"	"ACE2"	0
"254"	"MBD4"	"ACE2"	0
"255"	"MBNL1"	"ACE2"	0
"256"	"MBNL2"	"ACE2"	0
"257"	"MBNL3"	"ACE2"	0
"258"	"MECOM"	"ACE2"	0
"259"	"MED13"	"ACE2"	1
"260"	"MED21"	"ACE2"	0
"261"	"MED23"	"ACE2"	0
"262"	"METTL4"	"ACE2"	0
"263"	"MFN1"	"ACE2"	0
"264"	"MFSD2A"	"ACE2"	0
"265"	"MIB1"	"ACE2"	0
"266"	"MICU1"	"ACE2"	0
"267"	"MIPOL1"	"ACE2"	0
"268"	"MIS18BP1"	"ACE2"	0
"269"	"MKL2"	"ACE2"	0
"270"	"MLLT3"	"ACE2"	0
"271"	"MMAA"	"ACE2"	0
"272"	"MNAT1"	"ACE2"	0
"273"	"MOB1B"	"ACE2"	0
"274"	"MORC4"	"ACE2"	0
"275"	"MORF4L1"	"ACE2"	0
"276"	"MOSPD1"	"ACE2"	0
"277"	"MOSPD2"	"ACE2"	0
"278"	"MR1"	"ACE2"	0
"279"	"MRPL3"	"ACE2"	0
"280"	"MRPL47"	"ACE2"	0
"281"	"MSH2"	"ACE2"	0
"282"	"MTDH"	"ACE2"	0
"283"	"MTMR6"	"ACE2"	0
"284"	"MTUS1"	"ACE2"	1
"285"	"MYO6"	"ACE2"	0
"286"	"MYO9A"	"ACE2"	0
"287"	"MYSM1"	"ACE2"	0
"288"	"NAA16"	"ACE2"	0
"289"	"NAA50"	"ACE2"	0
"290"	"NADK2"	"ACE2"	0
"291"	"NAE1"	"ACE2"	0
"292"	"NAP1L1"	"ACE2"	0
"293"	"NBAS"	"ACE2"	0
"294"	"NBEA"	"ACE2"	0
"295"	"NBEAL1"	"ACE2"	0
"296"	"NEGR1"	"ACE2"	0
"297"	"NKAP"	"ACE2"	0
"298"	"NMD3"	"ACE2"	0
"299"	"NNT"	"ACE2"	0
"300"	"NOC3L"	"ACE2"	0
"301"	"NOL8"	"ACE2"	0
"302"	"NR2C1"	"ACE2"	0
"303"	"NSDHL"	"ACE2"	0
"304"	"NSMCE2"	"ACE2"	0
"305"	"NT5DC1"	"ACE2"	0
"306"	"NTN4"	"ACE2"	0
"307"	"NUP54"	"ACE2"	0
"308"	"NXT2"	"ACE2"	0
"309"	"OCRL"	"ACE2"	0
"310"	"ODF2L"	"ACE2"	0
"311"	"OGFOD1"	"ACE2"	0
"312"	"OSBPL8"	"ACE2"	0
"313"	"P4HA1"	"ACE2"	0
"314"	"PALB2"	"ACE2"	0
"315"	"PAPOLA"	"ACE2"	0
"316"	"PDE4DIP"	"ACE2"	0
"317"	"PDE8A"	"ACE2"	0
"318"	"PDIA3"	"ACE2"	0
"319"	"PEX3"	"ACE2"	0
"320"	"PHF14"	"ACE2"	0
"321"	"PHF20L1"	"ACE2"	0
"322"	"PHIP"	"ACE2"	0
"323"	"PHKB"	"ACE2"	0
"324"	"PIAS2"	"ACE2"	0
"325"	"PIBF1"	"ACE2"	0
"326"	"PIGN"	"ACE2"	0
"327"	"PIK3C3"	"ACE2"	0
"328"	"PIK3CA"	"ACE2"	0
"329"	"PKN2"	"ACE2"	0
"330"	"PLA2G4A"	"ACE2"	0
"331"	"PLEKHA5"	"ACE2"	0
"332"	"PLOD2"	"ACE2"	0
"333"	"PNN"	"ACE2"	0
"334"	"PNPLA8"	"ACE2"	0
"335"	"PNRC2"	"ACE2"	0
"336"	"POLA1"	"ACE2"	0
"337"	"POLD3"	"ACE2"	0
"338"	"POLR3C"	"ACE2"	0
"339"	"POSTN"	"ACE2"	0
"340"	"POT1"	"ACE2"	0
"341"	"PPFIA1"	"ACE2"	0
"342"	"PPIG"	"ACE2"	0
"343"	"PPM1B"	"ACE2"	0
"344"	"PPP1CB"	"ACE2"	0
"345"	"PPP1R12A"	"ACE2"	0
"346"	"PPP2R3C"	"ACE2"	0
"347"	"PPP2R5C"	"ACE2"	0
"348"	"PPP3CA"	"ACE2"	0
"349"	"PPP4R3B"	"ACE2"	0
"350"	"PPP6C"	"ACE2"	0
"351"	"PPP6R3"	"ACE2"	0
"352"	"PREP"	"ACE2"	1
"353"	"PRKAA1"	"ACE2"	0
"354"	"PRKDC"	"ACE2"	0
"355"	"PRPF39"	"ACE2"	0
"356"	"PRPF4B"	"ACE2"	0
"357"	"PSMD1"	"ACE2"	0
"358"	"PTDSS1"	"ACE2"	0
"359"	"PTGES3"	"ACE2"	0
"360"	"PTPN2"	"ACE2"	0
"361"	"RAB18"	"ACE2"	0
"362"	"RAB8B"	"ACE2"	0
"363"	"RABGAP1L"	"ACE2"	0
"364"	"RAD17"	"ACE2"	0
"365"	"RAD21"	"ACE2"	1
"366"	"RAI14"	"ACE2"	0
"367"	"RANBP2"	"ACE2"	0
"368"	"RANBP9"	"ACE2"	0
"369"	"RAP1GDS1"	"ACE2"	0
"370"	"RAPGEF2"	"ACE2"	0
"371"	"RARS"	"ACE2"	0
"372"	"RB1"	"ACE2"	0
"373"	"RBBP4"	"ACE2"	0
"374"	"RBM39"	"ACE2"	0
"375"	"RDH11"	"ACE2"	0
"376"	"RFX7"	"ACE2"	0
"377"	"RHOT1"	"ACE2"	0
"378"	"RICTOR"	"ACE2"	0
"379"	"RNMT"	"ACE2"	0
"380"	"ROBO1"	"ACE2"	0
"381"	"ROCK1"	"ACE2"	1
"382"	"ROCK2"	"ACE2"	3
"383"	"RORA"	"ACE2"	0
"384"	"RPRD1A"	"ACE2"	0
"385"	"RPS6KC1"	"ACE2"	0
"386"	"RSRC2"	"ACE2"	0
"387"	"RTN4"	"ACE2"	0
"388"	"SACM1L"	"ACE2"	0
"389"	"SAMSN1"	"ACE2"	0
"390"	"SBNO1"	"ACE2"	0
"391"	"SEC23A"	"ACE2"	0
"392"	"SEC24B"	"ACE2"	0
"393"	"SEC24D"	"ACE2"	0
"394"	"SECISBP2L"	"ACE2"	0
"395"	"SEL1L3"	"ACE2"	0
"396"	"SENP6"	"ACE2"	0
"397"	"SERAC1"	"ACE2"	0
"398"	"SF3B1"	"ACE2"	0
"399"	"SGCB"	"ACE2"	0
"400"	"SH3YL1"	"ACE2"	0
"401"	"SHOC2"	"ACE2"	0
"402"	"SHPRH"	"ACE2"	0
"403"	"SKIV2L2"	"ACE2"	0
"404"	"SLC1A3"	"ACE2"	0
"405"	"SLC30A5"	"ACE2"	0
"406"	"SLC39A10"	"ACE2"	0
"407"	"SLC4A4"	"ACE2"	0
"408"	"SLC9A6"	"ACE2"	0
"409"	"SLTM"	"ACE2"	0
"410"	"SMAD2"	"ACE2"	8
"411"	"SMARCA5"	"ACE2"	0
"412"	"SMC1A"	"ACE2"	0
"413"	"SMC5"	"ACE2"	0
"414"	"SMNDC1"	"ACE2"	0
"415"	"SNAP23"	"ACE2"	0
"416"	"SNX4"	"ACE2"	0
"417"	"SOCS4"	"ACE2"	0
"418"	"SOCS5"	"ACE2"	0
"419"	"SP4"	"ACE2"	0
"420"	"SPINK5"	"ACE2"	0
"421"	"SRBD1"	"ACE2"	0
"422"	"SREK1"	"ACE2"	0
"423"	"SRP54"	"ACE2"	0
"424"	"SRPK2"	"ACE2"	0
"425"	"SRPRB"	"ACE2"	0
"426"	"SRSF11"	"ACE2"	0
"427"	"ST3GAL5"	"ACE2"	0
"428"	"ST3GAL6"	"ACE2"	0
"429"	"STAG2"	"ACE2"	0
"430"	"STK17B"	"ACE2"	0
"431"	"STRN"	"ACE2"	0
"432"	"STX17"	"ACE2"	0
"433"	"SUCLA2"	"ACE2"	0
"434"	"SUCO"	"ACE2"	0
"435"	"SUMO4"	"ACE2"	0
"436"	"SYF2"	"ACE2"	0
"437"	"SYNJ1"	"ACE2"	0
"438"	"TAB2"	"ACE2"	0
"439"	"TAF1D"	"ACE2"	0
"440"	"TANK"	"ACE2"	0
"441"	"TCF12"	"ACE2"	0
"442"	"TDP2"	"ACE2"	0
"443"	"TERF1"	"ACE2"	0
"444"	"TFPI"	"ACE2"	0
"445"	"THADA"	"ACE2"	0
"446"	"THUMPD1"	"ACE2"	0
"447"	"TIPRL"	"ACE2"	0
"448"	"TLK1"	"ACE2"	0
"449"	"TLR3"	"ACE2"	0
"450"	"TM9SF3"	"ACE2"	0
"451"	"TMCC1"	"ACE2"	0
"452"	"TMEM164"	"ACE2"	0
"453"	"TMEM167A"	"ACE2"	0
"454"	"TMEM263"	"ACE2"	0
"455"	"TMEM268"	"ACE2"	0
"456"	"TMEM30A"	"ACE2"	0
"457"	"TMEM87A"	"ACE2"	0
"458"	"TMF1"	"ACE2"	0
"459"	"TOGARAM1"	"ACE2"	0
"460"	"TOP1"	"ACE2"	0
"461"	"TOPORS"	"ACE2"	0
"462"	"TPK1"	"ACE2"	2
"463"	"TPP2"	"ACE2"	0
"464"	"TRAPPC6B"	"ACE2"	0
"465"	"TRIP11"	"ACE2"	0
"466"	"TRIP12"	"ACE2"	0
"467"	"TRMT1L"	"ACE2"	0
"468"	"TRPM7"	"ACE2"	1
"469"	"TSNAX"	"ACE2"	0
"470"	"TTC1"	"ACE2"	0
"471"	"TTC17"	"ACE2"	0
"472"	"TTC37"	"ACE2"	0
"473"	"TTC39B"	"ACE2"	0
"474"	"TWSG1"	"ACE2"	0
"475"	"TXNDC9"	"ACE2"	0
"476"	"UBA3"	"ACE2"	0
"477"	"UBA6"	"ACE2"	0
"478"	"UBE2H"	"ACE2"	0
"479"	"UBE2Q2"	"ACE2"	0
"480"	"UBE2W"	"ACE2"	0
"481"	"UBLCP1"	"ACE2"	0
"482"	"UBR2"	"ACE2"	0
"483"	"UBR5"	"ACE2"	0
"484"	"UBXN4"	"ACE2"	0
"485"	"UEVLD"	"ACE2"	0
"486"	"UFL1"	"ACE2"	0
"487"	"UFM1"	"ACE2"	0
"488"	"UGP2"	"ACE2"	0
"489"	"USO1"	"ACE2"	0
"490"	"USP16"	"ACE2"	0
"491"	"USP24"	"ACE2"	0
"492"	"USP25"	"ACE2"	0
"493"	"USP8"	"ACE2"	0
"494"	"UVRAG"	"ACE2"	0
"495"	"VPS13A"	"ACE2"	0
"496"	"VPS26A"	"ACE2"	0
"497"	"VPS36"	"ACE2"	0
"498"	"VPS41"	"ACE2"	0
"499"	"VPS45"	"ACE2"	0
"500"	"VPS50"	"ACE2"	0
"501"	"VPS8"	"ACE2"	0
"502"	"VRK2"	"ACE2"	0
"503"	"VWA8"	"ACE2"	0
"504"	"WDR33"	"ACE2"	0
"505"	"WDR44"	"ACE2"	0
"506"	"WDR48"	"ACE2"	0
"507"	"XPA"	"ACE2"	0
"508"	"XPO4"	"ACE2"	0
"509"	"XRCC4"	"ACE2"	0
"510"	"XRN1"	"ACE2"	1
"511"	"YAP1"	"ACE2"	1
"512"	"ZC3H6"	"ACE2"	0
"513"	"ZDHHC3"	"ACE2"	0
"514"	"ZEB1"	"ACE2"	2
"515"	"ZFAND1"	"ACE2"	0
"516"	"ZFP30"	"ACE2"	0
"517"	"ZFYVE16"	"ACE2"	0
"518"	"ZMYM4"	"ACE2"	0
"519"	"ZMYND11"	"ACE2"	0
"520"	"ZNF138"	"ACE2"	0
"521"	"ZNF140"	"ACE2"	0
"522"	"ZNF146"	"ACE2"	0
"523"	"ZNF175"	"ACE2"	0
"524"	"ZNF197"	"ACE2"	0
"525"	"ZNF260"	"ACE2"	0
"526"	"ZNF280C"	"ACE2"	0
"527"	"ZNF330"	"ACE2"	0
"528"	"ZNF347"	"ACE2"	0
"529"	"ZNF354A"	"ACE2"	0
"530"	"ZNF354B"	"ACE2"	0
"531"	"ZNF43"	"ACE2"	0
"532"	"ZNF438"	"ACE2"	0
"533"	"ZNF470"	"ACE2"	0
"534"	"ZNF521"	"ACE2"	0
"535"	"ZNF561"	"ACE2"	0
"536"	"ZNF638"	"ACE2"	0
"537"	"ZNF644"	"ACE2"	0
"538"	"ZNF699"	"ACE2"	0
"539"	"ZNF708"	"ACE2"	0
"540"	"ZNF75A"	"ACE2"	0
"541"	"ZNF791"	"ACE2"	0
"542"	"ZNF83"	"ACE2"	0
"543"	"ZNF841"	"ACE2"	0
"544"	"ZNF845"	"ACE2"	0
"545"	"ZRANB2"	"ACE2"	0
"546"	"GAS5"	"ACE2"	1
"547"	"GADD45GIP1"	"ACE2"	0
"548"	"RPL10A"	"ACE2"	0
"549"	"SNORD6"	"ACE2"	0
"550"	"S100A3"	"ACE2"	0
"551"	"KREMEN1"	"ACE2"	0
"552"	"SEMA3B"	"ACE2"	0
"553"	"ZNF703"	"ACE2"	0
"554"	"APH1A"	"ACE2"	0
"555"	"MYADM"	"ACE2"	0
"556"	"TMEM128"	"ACE2"	0
"557"	"MRPL10"	"ACE2"	0
"558"	"ITM2A"	"ACE2"	1
"559"	"FEM1A"	"ACE2"	0
"560"	"ZFP92"	"ACE2"	0
"561"	"CBY1"	"ACE2"	0
"562"	"DVL1"	"ACE2"	0
"563"	"FZD1"	"ACE2"	1
"564"	"DYNLRB1"	"ACE2"	0
"565"	"ALS2CL"	"ACE2"	0
"566"	"SLITRK2"	"ACE2"	0
"567"	"ANXA11"	"ACE2"	0
"568"	"ANO1"	"ACE2"	0
"569"	"ILK"	"ACE2"	0
"570"	"FXYD3"	"ACE2"	0
"571"	"VOPP1"	"ACE2"	0
"572"	"PRELID1"	"ACE2"	0
"573"	"ST8SIA1"	"ACE2"	0
"574"	"ZFP36L1"	"ACE2"	0
"575"	"CUTA"	"ACE2"	0
"576"	"HMGCLL1"	"ACE2"	0
"577"	"FAM220A"	"ACE2"	0
"578"	"PCDHB10"	"ACE2"	0
"579"	"MIR130A"	"ACE2"	0
"580"	"PCDHB15"	"ACE2"	0
"581"	"HERPUD2"	"ACE2"	0
"582"	"SIGIRR"	"ACE2"	0
"583"	"OTUD1"	"ACE2"	0
"584"	"SCARA3"	"ACE2"	0
"585"	"TMEM230"	"ACE2"	0
"586"	"OTUB1"	"ACE2"	0
"587"	"YIF1B"	"ACE2"	0
"588"	"PLXNA3"	"ACE2"	0
"589"	"CNKSR1"	"ACE2"	0
"590"	"BST2"	"ACE2"	0
"591"	"RFXANK"	"ACE2"	0
"592"	"RPS28"	"ACE2"	0
"593"	"FAM109A"	"ACE2"	0
"594"	"C4orf46"	"ACE2"	0
"595"	"MFSD10"	"ACE2"	0
"596"	"ADGRL3"	"ACE2"	0
"597"	"OXLD1"	"ACE2"	0
"598"	"TAZ"	"ACE2"	0
"599"	"HNRNPUL1"	"ACE2"	0
"600"	"FGFRL1"	"ACE2"	0
"601"	"SCAND1"	"ACE2"	0
"602"	"INF2"	"ACE2"	0
"603"	"EGLN3"	"ACE2"	0
"604"	"ERGIC3"	"ACE2"	0
"605"	"THAP7"	"ACE2"	0
"606"	"UNC93B1"	"ACE2"	0
"607"	"NDUFB9"	"ACE2"	0
"608"	"H3F3A"	"ACE2"	0
"609"	"IFI27L2"	"ACE2"	0
"610"	"EVA1B"	"ACE2"	0
"611"	"ZFPM1"	"ACE2"	0
"612"	"CD2BP2"	"ACE2"	0
"613"	"FLOT1"	"ACE2"	1
"614"	"HDAC4"	"ACE2"	1
"615"	"TMEM55B"	"ACE2"	0
"616"	"CLN3"	"ACE2"	4
"617"	"DPP7"	"ACE2"	0
"618"	"DPH7"	"ACE2"	0
"619"	"TMEM138"	"ACE2"	0
"620"	"SPAG7"	"ACE2"	0
"621"	"PCDHB16"	"ACE2"	0
"622"	"MRPL14"	"ACE2"	0
"623"	"TARBP2"	"ACE2"	0
"624"	"RANGRF"	"ACE2"	0
"625"	"RBM42"	"ACE2"	0
"626"	"TM2D1"	"ACE2"	0
"627"	"GABARAPL2"	"ACE2"	0
"628"	"TRIP6"	"ACE2"	0
"629"	"ZNF837"	"ACE2"	0
"630"	"TEAD3"	"ACE2"	0
"631"	"EXOSC4"	"ACE2"	0
"632"	"BAX"	"ACE2"	8
"633"	"TIMM44"	"ACE2"	0
"634"	"FLAD1"	"ACE2"	0
"635"	"NR1H2"	"ACE2"	0
"636"	"MMP24"	"ACE2"	0
"637"	"TMEM65"	"ACE2"	0
"638"	"COL21A1"	"ACE2"	0
"639"	"NHP2"	"ACE2"	0
"640"	"ID2"	"ACE2"	0
"641"	"DUSP22"	"ACE2"	0
"642"	"COASY"	"ACE2"	0
"643"	"MPV17"	"ACE2"	0
"644"	"SNRPD2"	"ACE2"	0
"645"	"COMMD7"	"ACE2"	0
"646"	"ANKRD16"	"ACE2"	0
"647"	"MRPL11"	"ACE2"	0
"648"	"POLR2K"	"ACE2"	0
"649"	"MFSD5"	"ACE2"	0
"650"	"UBE2J2"	"ACE2"	0
"651"	"BCKDK"	"ACE2"	0
"652"	"RHOG"	"ACE2"	0
"653"	"C19orf24"	"ACE2"	0
"654"	"UCK1"	"ACE2"	0
"655"	"STYXL1"	"ACE2"	0
"656"	"ALKBH2"	"ACE2"	0
"657"	"SMAD7"	"ACE2"	5
"658"	"PUS1"	"ACE2"	0
"659"	"VPS25"	"ACE2"	0
"660"	"NUDT16L1"	"ACE2"	0
"661"	"EDF1"	"ACE2"	0
"662"	"COX4I1"	"ACE2"	0
"663"	"ATF6B"	"ACE2"	0
"664"	"TEX264"	"ACE2"	0
"665"	"DAXX"	"ACE2"	0
"666"	"SLC19A1"	"ACE2"	0
"667"	"KCNS3"	"ACE2"	0
"668"	"TMEM147"	"ACE2"	0
"669"	"PDZRN3"	"ACE2"	0
"670"	"SLC35C2"	"ACE2"	0
"671"	"MGAT1"	"ACE2"	0
"672"	"MPLKIP"	"ACE2"	0
"673"	"SLC10A3"	"ACE2"	0
"674"	"PSD4"	"ACE2"	0
"675"	"ZFYVE27"	"ACE2"	0
"676"	"SNX17"	"ACE2"	0
"677"	"SCAMP3"	"ACE2"	0
"678"	"PEX16"	"ACE2"	0
"679"	"AAR2"	"ACE2"	0
"680"	"P2RX4"	"ACE2"	0
"681"	"CTBP2"	"ACE2"	0
"682"	"TMEM219"	"ACE2"	0
"683"	"GSTK1"	"ACE2"	0
"684"	"TSPAN13"	"ACE2"	0
"685"	"RHOB"	"ACE2"	0
"686"	"URM1"	"ACE2"	0
"687"	"MST1R"	"ACE2"	0
"688"	"SUMO3"	"ACE2"	0
"689"	"MVK"	"ACE2"	0
"690"	"GTF3C2"	"ACE2"	0
"691"	"LEPROTL1"	"ACE2"	0
"692"	"KAT8"	"ACE2"	0
"693"	"STAP2"	"ACE2"	0
"694"	"TMEM62"	"ACE2"	0
"695"	"BRMS1"	"ACE2"	0
"696"	"TMEM179B"	"ACE2"	0
"697"	"VPS28"	"ACE2"	0
"698"	"RBM12"	"ACE2"	0
"699"	"C17orf62"	"ACE2"	0
"700"	"BLCAP"	"ACE2"	0
"701"	"ATP6V0B"	"ACE2"	0
"702"	"PSMB4"	"ACE2"	0
"703"	"APEH"	"ACE2"	0
"704"	"MFSD3"	"ACE2"	0
"705"	"NUDT22"	"ACE2"	0
"706"	"PIGO"	"ACE2"	0
"707"	"MINDY2"	"ACE2"	0
"708"	"TM7SF2"	"ACE2"	0
"709"	"MRPL4"	"ACE2"	0
"710"	"JTB"	"ACE2"	0
"711"	"FARSA"	"ACE2"	0
"712"	"RENBP"	"ACE2"	1
"713"	"TANGO2"	"ACE2"	0
"714"	"AP5S1"	"ACE2"	0
"715"	"HTRA2"	"ACE2"	0
"716"	"NUBP2"	"ACE2"	0
"717"	"WRB"	"ACE2"	0
"718"	"UBE2I"	"ACE2"	0
"719"	"Probes"	"histone"	1103
"720"	"MARCH7"	"histone"	0
"721"	"SEPT10"	"histone"	0
"722"	"AASS"	"histone"	1
"723"	"AATF"	"histone"	6
"724"	"ACACA"	"histone"	5
"725"	"ACADM"	"histone"	0
"726"	"ACE2"	"histone"	13
"727"	"ACSL1"	"histone"	7
"728"	"ACSL5"	"histone"	0
"729"	"ACSM3"	"histone"	1
"730"	"ACSS3"	"histone"	0
"731"	"ADAM10"	"histone"	8
"732"	"ADAMTS3"	"histone"	0
"733"	"ADD3"	"histone"	0
"734"	"ADSS"	"histone"	0
"735"	"AGL"	"histone"	0
"736"	"AGTPBP1"	"histone"	1
"737"	"AHCYL2"	"histone"	0
"738"	"AIFM1"	"histone"	13
"739"	"AKAP12"	"histone"	8
"740"	"AKAP7"	"histone"	0
"741"	"AKAP9"	"histone"	3
"742"	"ALKBH3"	"histone"	8
"743"	"ALOX15B"	"histone"	2
"744"	"ALPK1"	"histone"	0
"745"	"ANK3"	"histone"	3
"746"	"ANKRD17"	"histone"	1
"747"	"ANKRD36C"	"histone"	0
"748"	"AP2B1"	"histone"	0
"749"	"AP3B1"	"histone"	0
"750"	"AP5M1"	"histone"	0
"751"	"API5"	"histone"	0
"752"	"AQR"	"histone"	0
"753"	"ARFGEF1"	"histone"	4
"754"	"ARHGAP12"	"histone"	0
"755"	"ARHGAP18"	"histone"	1
"756"	"ARHGAP42"	"histone"	0
"757"	"ARID4A"	"histone"	24
"758"	"ARL15"	"histone"	0
"759"	"ARL6IP1"	"histone"	1
"760"	"ARMC8"	"histone"	0
"761"	"ARPC2"	"histone"	0
"762"	"ASCC3"	"histone"	1
"763"	"ASPH"	"histone"	3
"764"	"ATAD1"	"histone"	0
"765"	"ATE1"	"histone"	0
"766"	"ATF1"	"histone"	35
"767"	"ATG2B"	"histone"	1
"768"	"ATG3"	"histone"	10
"769"	"ATG4A"	"histone"	2
"770"	"ATIC"	"histone"	2
"771"	"ATMIN"	"histone"	4
"772"	"ATP11B"	"histone"	0
"773"	"ATP11C"	"histone"	0
"774"	"ATP6V1C1"	"histone"	0
"775"	"ATP6V1D"	"histone"	0
"776"	"ATP6V1E1"	"histone"	0
"777"	"ATP9B"	"histone"	0
"778"	"ATRX"	"histone"	221
"779"	"AZIN1"	"histone"	1
"780"	"BAZ1B"	"histone"	30
"781"	"BBS7"	"histone"	0
"782"	"BCAP29"	"histone"	0
"783"	"BCLAF3"	"histone"	0
"784"	"BLZF1"	"histone"	0
"785"	"BOD1L1"	"histone"	0
"786"	"BROX"	"histone"	0
"787"	"BRWD3"	"histone"	3
"788"	"BZW1"	"histone"	3
"789"	"C10orf76"	"histone"	1
"790"	"C11orf58"	"histone"	0
"791"	"C12orf4"	"histone"	0
"792"	"C1GALT1"	"histone"	0
"793"	"C1orf112"	"histone"	0
"794"	"C1orf27"	"histone"	0
"795"	"C5"	"histone"	53
"796"	"C5orf42"	"histone"	0
"797"	"C6orf62"	"histone"	0
"798"	"CAPZA1"	"histone"	4
"799"	"CAST"	"histone"	46
"800"	"CBX1"	"histone"	57
"801"	"CCAR1"	"histone"	3
"802"	"CCDC91"	"histone"	0
"803"	"CCNG1"	"histone"	16
"804"	"CCP110"	"histone"	1
"805"	"CCSER2"	"histone"	0
"806"	"CCT4"	"histone"	0
"807"	"CD164"	"histone"	0
"808"	"CD46"	"histone"	25
"809"	"CDC37L1"	"histone"	0
"810"	"CDC42BPA"	"histone"	1
"811"	"CDC73"	"histone"	40
"812"	"CENPC"	"histone"	22
"813"	"CEP57"	"histone"	0
"814"	"CEP70"	"histone"	3
"815"	"CEP83"	"histone"	0
"816"	"CFH"	"histone"	5
"817"	"CFTR"	"histone"	54
"818"	"CHD1"	"histone"	122
"819"	"CHD6"	"histone"	10
"820"	"CIR1"	"histone"	3
"821"	"CKAP2"	"histone"	1
"822"	"CLCC1"	"histone"	0
"823"	"CLIP1"	"histone"	0
"824"	"CLTC"	"histone"	1
"825"	"CNDP2"	"histone"	1
"826"	"CNOT1"	"histone"	3
"827"	"CNOT10"	"histone"	0
"828"	"CNOT7"	"histone"	8
"829"	"CNTRL"	"histone"	0
"830"	"COBLL1"	"histone"	2
"831"	"COG5"	"histone"	0
"832"	"COPS2"	"histone"	5
"833"	"COX15"	"histone"	0
"834"	"CREB1"	"histone"	99
"835"	"CS"	"histone"	1970
"836"	"CSE1L"	"histone"	2
"837"	"CSNK1A1"	"histone"	1
"838"	"CTNNB1"	"histone"	147
"839"	"CTR9"	"histone"	26
"840"	"CUL4A"	"histone"	39
"841"	"CWC22"	"histone"	0
"842"	"CYP2C18"	"histone"	1
"843"	"DAAM1"	"histone"	2
"844"	"DAP3"	"histone"	1
"845"	"DARS"	"histone"	1
"846"	"DCAF6"	"histone"	1
"847"	"DCBLD2"	"histone"	0
"848"	"DDHD1"	"histone"	0
"849"	"DENND4A"	"histone"	1
"850"	"DENND4C"	"histone"	0
"851"	"DHX32"	"histone"	0
"852"	"DICER1"	"histone"	35
"853"	"DLD"	"histone"	34
"854"	"DMXL1"	"histone"	1
"855"	"DNAJC10"	"histone"	1
"856"	"DNAJC13"	"histone"	0
"857"	"DNTTIP2"	"histone"	1
"858"	"DPYD"	"histone"	2
"859"	"DYNC1LI1"	"histone"	1
"860"	"DYNLT3"	"histone"	2
"861"	"ECHDC1"	"histone"	0
"862"	"EDEM3"	"histone"	0
"863"	"EED"	"histone"	302
"864"	"EFCAB7"	"histone"	0
"865"	"EFR3A"	"histone"	0
"866"	"EFTUD2"	"histone"	2
"867"	"EIF3A"	"histone"	2
"868"	"EIF3D"	"histone"	0
"869"	"EIF3M"	"histone"	0
"870"	"ELOA"	"histone"	1
"871"	"ELOVL5"	"histone"	0
"872"	"EPB41L4A"	"histone"	4
"873"	"EPC2"	"histone"	2
"874"	"EPS8"	"histone"	4
"875"	"ERC1"	"histone"	0
"876"	"ERGIC2"	"histone"	0
"877"	"ERI2"	"histone"	0
"878"	"EXOC8"	"histone"	1
"879"	"EXOSC9"	"histone"	1
"880"	"FAF1"	"histone"	2
"881"	"FAM102B"	"histone"	0
"882"	"FAM199X"	"histone"	0
"883"	"FAM214A"	"histone"	0
"884"	"FBXL3"	"histone"	3
"885"	"FBXO3"	"histone"	1
"886"	"FBXO30"	"histone"	1
"887"	"FCHO2"	"histone"	0
"888"	"FEM1B"	"histone"	1
"889"	"FGD4"	"histone"	0
"890"	"FGFR1OP2"	"histone"	0
"891"	"FIG4"	"histone"	0
"892"	"FIP1L1"	"histone"	7
"893"	"FNDC3A"	"histone"	0
"894"	"FNIP2"	"histone"	0
"895"	"G3BP1"	"histone"	6
"896"	"GALNT1"	"histone"	0
"897"	"GART"	"histone"	1
"898"	"GCC2"	"histone"	0
"899"	"GCLC"	"histone"	10
"900"	"GFM2"	"histone"	0
"901"	"GGNBP2"	"histone"	0
"902"	"GIGYF2"	"histone"	3
"903"	"GNA13"	"histone"	1
"904"	"GNE"	"histone"	3
"905"	"GOLIM4"	"histone"	0
"906"	"GOPC"	"histone"	1
"907"	"GPATCH2"	"histone"	0
"908"	"GPBP1"	"histone"	1
"909"	"GPHN"	"histone"	2
"910"	"GPN3"	"histone"	2
"911"	"GSKIP"	"histone"	1
"912"	"GTF2H1"	"histone"	1
"913"	"HACD2"	"histone"	0
"914"	"HAT1"	"histone"	145
"915"	"HCFC2"	"histone"	1
"916"	"HDAC2"	"histone"	1601
"917"	"HEATR5A"	"histone"	0
"918"	"HGD"	"histone"	2
"919"	"HIF1A"	"histone"	227
"920"	"HMGB1"	"histone"	584
"921"	"HMGB2"	"histone"	144
"922"	"HNRNPA3"	"histone"	0
"923"	"HNRNPDL"	"histone"	0
"924"	"HNRNPH2"	"histone"	0
"925"	"HNRNPLL"	"histone"	0
"926"	"HOOK3"	"histone"	0
"927"	"HS2ST1"	"histone"	0
"928"	"HSD17B4"	"histone"	1
"929"	"HSPA4"	"histone"	2
"930"	"IBTK"	"histone"	1
"931"	"ICE1"	"histone"	2
"932"	"IDH1"	"histone"	230
"933"	"IDH3A"	"histone"	0
"934"	"IFT80"	"histone"	1
"935"	"IL13RA1"	"histone"	0
"936"	"IMPA1"	"histone"	0
"937"	"INTS12"	"histone"	2
"938"	"IPO7"	"histone"	3
"939"	"IQGAP1"	"histone"	7
"940"	"KANSL1L"	"histone"	0
"941"	"KARS"	"histone"	0
"942"	"KAT2B"	"histone"	39
"943"	"KATNBL1"	"histone"	0
"944"	"KDM3A"	"histone"	137
"945"	"KDM5B"	"histone"	243
"946"	"KIAA1586"	"histone"	0
"947"	"KIF27"	"histone"	0
"948"	"KIF3A"	"histone"	6
"949"	"KIZ"	"histone"	6
"950"	"KLHDC10"	"histone"	0
"951"	"KLHL7"	"histone"	0
"952"	"KLHL8"	"histone"	0
"953"	"KMO"	"histone"	1
"954"	"KNTC1"	"histone"	4
"955"	"KPNA3"	"histone"	0
"956"	"KTN1"	"histone"	0
"957"	"LARP4"	"histone"	0
"958"	"LGALS8"	"histone"	0
"959"	"LIG4"	"histone"	27
"960"	"LIN7C"	"histone"	0
"961"	"LMBRD2"	"histone"	0
"962"	"LRPPRC"	"histone"	2
"963"	"LRRC40"	"histone"	0
"964"	"LUC7L3"	"histone"	2
"965"	"LYSMD3"	"histone"	0
"966"	"MALT1"	"histone"	2
"967"	"MAN2A1"	"histone"	0
"968"	"MAP3K4"	"histone"	6
"969"	"MAP4K5"	"histone"	0
"970"	"MAP9"	"histone"	2
"971"	"MAPK9"	"histone"	0
"972"	"MBD4"	"histone"	29
"973"	"MBNL1"	"histone"	0
"974"	"MBNL2"	"histone"	0
"975"	"MBNL3"	"histone"	0
"976"	"MECOM"	"histone"	45
"977"	"MED13"	"histone"	4
"978"	"MED21"	"histone"	2
"979"	"MED23"	"histone"	8
"980"	"METTL4"	"histone"	2
"981"	"MFN1"	"histone"	3
"982"	"MFSD2A"	"histone"	0
"983"	"MIB1"	"histone"	11
"984"	"MICU1"	"histone"	1
"985"	"MIPOL1"	"histone"	0
"986"	"MIS18BP1"	"histone"	12
"987"	"MKL2"	"histone"	3
"988"	"MLLT3"	"histone"	95
"989"	"MMAA"	"histone"	0
"990"	"MNAT1"	"histone"	1
"991"	"MOB1B"	"histone"	0
"992"	"MORC4"	"histone"	0
"993"	"MORF4L1"	"histone"	22
"994"	"MOSPD1"	"histone"	0
"995"	"MOSPD2"	"histone"	0
"996"	"MR1"	"histone"	2
"997"	"MRPL3"	"histone"	0
"998"	"MRPL47"	"histone"	0
"999"	"MSH2"	"histone"	57
"1000"	"MTDH"	"histone"	6
"1001"	"MTMR6"	"histone"	0
"1002"	"MTUS1"	"histone"	2
"1003"	"MYO6"	"histone"	1
"1004"	"MYO9A"	"histone"	0
"1005"	"MYSM1"	"histone"	23
"1006"	"NAA16"	"histone"	0
"1007"	"NAA50"	"histone"	4
"1008"	"NADK2"	"histone"	0
"1009"	"NAE1"	"histone"	0
"1010"	"NAP1L1"	"histone"	50
"1011"	"NBAS"	"histone"	1
"1012"	"NBEA"	"histone"	1
"1013"	"NBEAL1"	"histone"	0
"1014"	"NEGR1"	"histone"	0
"1015"	"NKAP"	"histone"	7
"1016"	"NMD3"	"histone"	0
"1017"	"NNT"	"histone"	3
"1018"	"NOC3L"	"histone"	6
"1019"	"NOL8"	"histone"	1
"1020"	"NR2C1"	"histone"	5
"1021"	"NSDHL"	"histone"	1
"1022"	"NSMCE2"	"histone"	10
"1023"	"NT5DC1"	"histone"	0
"1024"	"NTN4"	"histone"	2
"1025"	"NUP54"	"histone"	1
"1026"	"NXT2"	"histone"	0
"1027"	"OCRL"	"histone"	1
"1028"	"ODF2L"	"histone"	0
"1029"	"OGFOD1"	"histone"	2
"1030"	"OSBPL8"	"histone"	0
"1031"	"P4HA1"	"histone"	2
"1032"	"PALB2"	"histone"	8
"1033"	"PAPOLA"	"histone"	0
"1034"	"PDE4DIP"	"histone"	0
"1035"	"PDE8A"	"histone"	0
"1036"	"PDIA3"	"histone"	6
"1037"	"PEX3"	"histone"	2
"1038"	"PHF14"	"histone"	2
"1039"	"PHF20L1"	"histone"	7
"1040"	"PHIP"	"histone"	9
"1041"	"PHKB"	"histone"	1
"1042"	"PIAS2"	"histone"	5
"1043"	"PIBF1"	"histone"	0
"1044"	"PIGN"	"histone"	1
"1045"	"PIK3C3"	"histone"	1
"1046"	"PIK3CA"	"histone"	60
"1047"	"PKN2"	"histone"	1
"1048"	"PLA2G4A"	"histone"	24
"1049"	"PLEKHA5"	"histone"	0
"1050"	"PLOD2"	"histone"	2
"1051"	"PNN"	"histone"	4
"1052"	"PNPLA8"	"histone"	0
"1053"	"PNRC2"	"histone"	1
"1054"	"POLA1"	"histone"	1
"1055"	"POLD3"	"histone"	2
"1056"	"POLR3C"	"histone"	0
"1057"	"POSTN"	"histone"	11
"1058"	"POT1"	"histone"	32
"1059"	"PPFIA1"	"histone"	0
"1060"	"PPIG"	"histone"	0
"1061"	"PPM1B"	"histone"	2
"1062"	"PPP1CB"	"histone"	1
"1063"	"PPP1R12A"	"histone"	5
"1064"	"PPP2R3C"	"histone"	0
"1065"	"PPP2R5C"	"histone"	2
"1066"	"PPP3CA"	"histone"	3
"1067"	"PPP4R3B"	"histone"	0
"1068"	"PPP6C"	"histone"	3
"1069"	"PPP6R3"	"histone"	0
"1070"	"PREP"	"histone"	13
"1071"	"PRKAA1"	"histone"	8
"1072"	"PRKDC"	"histone"	105
"1073"	"PRPF39"	"histone"	0
"1074"	"PRPF4B"	"histone"	2
"1075"	"PSMD1"	"histone"	0
"1076"	"PTDSS1"	"histone"	0
"1077"	"PTGES3"	"histone"	0
"1078"	"PTPN2"	"histone"	4
"1079"	"RAB18"	"histone"	6
"1080"	"RAB8B"	"histone"	0
"1081"	"RABGAP1L"	"histone"	0
"1082"	"RAD17"	"histone"	41
"1083"	"RAD21"	"histone"	250
"1084"	"RAI14"	"histone"	2
"1085"	"RANBP2"	"histone"	14
"1086"	"RANBP9"	"histone"	1
"1087"	"RAP1GDS1"	"histone"	0
"1088"	"RAPGEF2"	"histone"	2
"1089"	"RARS"	"histone"	42
"1090"	"RB1"	"histone"	108
"1091"	"RBBP4"	"histone"	76
"1092"	"RBM39"	"histone"	1
"1093"	"RDH11"	"histone"	1
"1094"	"RFX7"	"histone"	1
"1095"	"RHOT1"	"histone"	1
"1096"	"RICTOR"	"histone"	11
"1097"	"RNMT"	"histone"	3
"1098"	"ROBO1"	"histone"	6
"1099"	"ROCK1"	"histone"	15
"1100"	"ROCK2"	"histone"	10
"1101"	"RORA"	"histone"	17
"1102"	"RPRD1A"	"histone"	2
"1103"	"RPS6KC1"	"histone"	0
"1104"	"RSRC2"	"histone"	0
"1105"	"RTN4"	"histone"	1
"1106"	"SACM1L"	"histone"	1
"1107"	"SAMSN1"	"histone"	1
"1108"	"SBNO1"	"histone"	1
"1109"	"SEC23A"	"histone"	1
"1110"	"SEC24B"	"histone"	0
"1111"	"SEC24D"	"histone"	0
"1112"	"SECISBP2L"	"histone"	0
"1113"	"SEL1L3"	"histone"	0
"1114"	"SENP6"	"histone"	5
"1115"	"SERAC1"	"histone"	0
"1116"	"SF3B1"	"histone"	21
"1117"	"SGCB"	"histone"	0
"1118"	"SH3YL1"	"histone"	1
"1119"	"SHOC2"	"histone"	0
"1120"	"SHPRH"	"histone"	12
"1121"	"SKIV2L2"	"histone"	4
"1122"	"SLC1A3"	"histone"	7
"1123"	"SLC30A5"	"histone"	0
"1124"	"SLC39A10"	"histone"	1
"1125"	"SLC4A4"	"histone"	0
"1126"	"SLC9A6"	"histone"	2
"1127"	"SLTM"	"histone"	0
"1128"	"SMAD2"	"histone"	174
"1129"	"SMARCA5"	"histone"	115
"1130"	"SMC1A"	"histone"	104
"1131"	"SMC5"	"histone"	104
"1132"	"SMNDC1"	"histone"	1
"1133"	"SNAP23"	"histone"	0
"1134"	"SNX4"	"histone"	0
"1135"	"SOCS4"	"histone"	0
"1136"	"SOCS5"	"histone"	3
"1137"	"SP4"	"histone"	12
"1138"	"SPINK5"	"histone"	0
"1139"	"SRBD1"	"histone"	0
"1140"	"SREK1"	"histone"	0
"1141"	"SRP54"	"histone"	0
"1142"	"SRPK2"	"histone"	4
"1143"	"SRPRB"	"histone"	0
"1144"	"SRSF11"	"histone"	2
"1145"	"ST3GAL5"	"histone"	2
"1146"	"ST3GAL6"	"histone"	1
"1147"	"STAG2"	"histone"	47
"1148"	"STK17B"	"histone"	0
"1149"	"STRN"	"histone"	2
"1150"	"STX17"	"histone"	0
"1151"	"SUCLA2"	"histone"	0
"1152"	"SUCO"	"histone"	0
"1153"	"SUMO4"	"histone"	0
"1154"	"SYF2"	"histone"	0
"1155"	"SYNJ1"	"histone"	0
"1156"	"TAB2"	"histone"	7
"1157"	"TAF1D"	"histone"	0
"1158"	"TANK"	"histone"	17
"1159"	"TCF12"	"histone"	11
"1160"	"TDP2"	"histone"	3
"1161"	"TERF1"	"histone"	6
"1162"	"TFPI"	"histone"	17
"1163"	"THADA"	"histone"	0
"1164"	"THUMPD1"	"histone"	0
"1165"	"TIPRL"	"histone"	2
"1166"	"TLK1"	"histone"	18
"1167"	"TLR3"	"histone"	31
"1168"	"TM9SF3"	"histone"	1
"1169"	"TMCC1"	"histone"	0
"1170"	"TMEM164"	"histone"	0
"1171"	"TMEM167A"	"histone"	0
"1172"	"TMEM263"	"histone"	0
"1173"	"TMEM268"	"histone"	0
"1174"	"TMEM30A"	"histone"	0
"1175"	"TMEM87A"	"histone"	0
"1176"	"TMF1"	"histone"	1
"1177"	"TOGARAM1"	"histone"	0
"1178"	"TOP1"	"histone"	65
"1179"	"TOPORS"	"histone"	3
"1180"	"TPK1"	"histone"	0
"1181"	"TPP2"	"histone"	0
"1182"	"TRAPPC6B"	"histone"	0
"1183"	"TRIP11"	"histone"	0
"1184"	"TRIP12"	"histone"	4
"1185"	"TRMT1L"	"histone"	0
"1186"	"TRPM7"	"histone"	5
"1187"	"TSNAX"	"histone"	2
"1188"	"TTC1"	"histone"	0
"1189"	"TTC17"	"histone"	0
"1190"	"TTC37"	"histone"	0
"1191"	"TTC39B"	"histone"	0
"1192"	"TWSG1"	"histone"	0
"1193"	"TXNDC9"	"histone"	0
"1194"	"UBA3"	"histone"	2
"1195"	"UBA6"	"histone"	3
"1196"	"UBE2H"	"histone"	4
"1197"	"UBE2Q2"	"histone"	0
"1198"	"UBE2W"	"histone"	0
"1199"	"UBLCP1"	"histone"	1
"1200"	"UBR2"	"histone"	8
"1201"	"UBR5"	"histone"	9
"1202"	"UBXN4"	"histone"	1
"1203"	"UEVLD"	"histone"	0
"1204"	"UFL1"	"histone"	1
"1205"	"UFM1"	"histone"	2
"1206"	"UGP2"	"histone"	1
"1207"	"USO1"	"histone"	0
"1208"	"USP16"	"histone"	17
"1209"	"USP24"	"histone"	3
"1210"	"USP25"	"histone"	3
"1211"	"USP8"	"histone"	4
"1212"	"UVRAG"	"histone"	4
"1213"	"VPS13A"	"histone"	1
"1214"	"VPS26A"	"histone"	0
"1215"	"VPS36"	"histone"	1
"1216"	"VPS41"	"histone"	0
"1217"	"VPS45"	"histone"	0
"1218"	"VPS50"	"histone"	0
"1219"	"VPS8"	"histone"	0
"1220"	"VRK2"	"histone"	2
"1221"	"VWA8"	"histone"	0
"1222"	"WDR33"	"histone"	1
"1223"	"WDR44"	"histone"	0
"1224"	"WDR48"	"histone"	2
"1225"	"XPA"	"histone"	49
"1226"	"XPO4"	"histone"	0
"1227"	"XRCC4"	"histone"	42
"1228"	"XRN1"	"histone"	8
"1229"	"YAP1"	"histone"	48
"1230"	"ZC3H6"	"histone"	0
"1231"	"ZDHHC3"	"histone"	0
"1232"	"ZEB1"	"histone"	107
"1233"	"ZFAND1"	"histone"	0
"1234"	"ZFP30"	"histone"	0
"1235"	"ZFYVE16"	"histone"	1
"1236"	"ZMYM4"	"histone"	0
"1237"	"ZMYND11"	"histone"	20
"1238"	"ZNF138"	"histone"	0
"1239"	"ZNF140"	"histone"	0
"1240"	"ZNF146"	"histone"	0
"1241"	"ZNF175"	"histone"	0
"1242"	"ZNF197"	"histone"	1
"1243"	"ZNF260"	"histone"	0
"1244"	"ZNF280C"	"histone"	0
"1245"	"ZNF330"	"histone"	0
"1246"	"ZNF347"	"histone"	0
"1247"	"ZNF354A"	"histone"	0
"1248"	"ZNF354B"	"histone"	0
"1249"	"ZNF43"	"histone"	1
"1250"	"ZNF438"	"histone"	0
"1251"	"ZNF470"	"histone"	0
"1252"	"ZNF521"	"histone"	9
"1253"	"ZNF561"	"histone"	0
"1254"	"ZNF638"	"histone"	1
"1255"	"ZNF644"	"histone"	3
"1256"	"ZNF699"	"histone"	0
"1257"	"ZNF708"	"histone"	0
"1258"	"ZNF75A"	"histone"	0
"1259"	"ZNF791"	"histone"	0
"1260"	"ZNF83"	"histone"	0
"1261"	"ZNF841"	"histone"	0
"1262"	"ZNF845"	"histone"	0
"1263"	"ZRANB2"	"histone"	0
"1264"	"GAS5"	"histone"	11
"1265"	"GADD45GIP1"	"histone"	3
"1266"	"RPL10A"	"histone"	0
"1267"	"SNORD6"	"histone"	0
"1268"	"S100A3"	"histone"	0
"1269"	"KREMEN1"	"histone"	1
"1270"	"SEMA3B"	"histone"	1
"1271"	"ZNF703"	"histone"	2
"1272"	"APH1A"	"histone"	1
"1273"	"MYADM"	"histone"	1
"1274"	"TMEM128"	"histone"	0
"1275"	"MRPL10"	"histone"	0
"1276"	"ITM2A"	"histone"	0
"1277"	"FEM1A"	"histone"	1
"1278"	"ZFP92"	"histone"	0
"1279"	"CBY1"	"histone"	0
"1280"	"DVL1"	"histone"	6
"1281"	"FZD1"	"histone"	0
"1282"	"DYNLRB1"	"histone"	0
"1283"	"ALS2CL"	"histone"	0
"1284"	"SLITRK2"	"histone"	0
"1285"	"ANXA11"	"histone"	1
"1286"	"ANO1"	"histone"	5
"1287"	"ILK"	"histone"	7
"1288"	"FXYD3"	"histone"	1
"1289"	"VOPP1"	"histone"	0
"1290"	"PRELID1"	"histone"	0
"1291"	"ST8SIA1"	"histone"	1
"1292"	"ZFP36L1"	"histone"	3
"1293"	"CUTA"	"histone"	1
"1294"	"HMGCLL1"	"histone"	0
"1295"	"FAM220A"	"histone"	0
"1296"	"PCDHB10"	"histone"	0
"1297"	"MIR130A"	"histone"	1
"1298"	"PCDHB15"	"histone"	0
"1299"	"HERPUD2"	"histone"	0
"1300"	"SIGIRR"	"histone"	1
"1301"	"OTUD1"	"histone"	0
"1302"	"SCARA3"	"histone"	1
"1303"	"TMEM230"	"histone"	0
"1304"	"OTUB1"	"histone"	4
"1305"	"YIF1B"	"histone"	0
"1306"	"PLXNA3"	"histone"	1
"1307"	"CNKSR1"	"histone"	0
"1308"	"BST2"	"histone"	3
"1309"	"RFXANK"	"histone"	6
"1310"	"RPS28"	"histone"	0
"1311"	"FAM109A"	"histone"	0
"1312"	"C4orf46"	"histone"	0
"1313"	"MFSD10"	"histone"	1
"1314"	"ADGRL3"	"histone"	0
"1315"	"OXLD1"	"histone"	0
"1316"	"TAZ"	"histone"	29
"1317"	"HNRNPUL1"	"histone"	5
"1318"	"FGFRL1"	"histone"	3
"1319"	"SCAND1"	"histone"	0
"1320"	"INF2"	"histone"	1
"1321"	"EGLN3"	"histone"	6
"1322"	"ERGIC3"	"histone"	0
"1323"	"THAP7"	"histone"	6
"1324"	"UNC93B1"	"histone"	0
"1325"	"NDUFB9"	"histone"	2
"1326"	"H3F3A"	"histone"	159
"1327"	"IFI27L2"	"histone"	0
"1328"	"EVA1B"	"histone"	0
"1329"	"ZFPM1"	"histone"	22
"1330"	"CD2BP2"	"histone"	0
"1331"	"FLOT1"	"histone"	1
"1332"	"HDAC4"	"histone"	892
"1333"	"TMEM55B"	"histone"	0
"1334"	"CLN3"	"histone"	20
"1335"	"DPP7"	"histone"	0
"1336"	"DPH7"	"histone"	0
"1337"	"TMEM138"	"histone"	0
"1338"	"SPAG7"	"histone"	0
"1339"	"PCDHB16"	"histone"	0
"1340"	"MRPL14"	"histone"	0
"1341"	"TARBP2"	"histone"	3
"1342"	"RANGRF"	"histone"	0
"1343"	"RBM42"	"histone"	0
"1344"	"TM2D1"	"histone"	0
"1345"	"GABARAPL2"	"histone"	2
"1346"	"TRIP6"	"histone"	1
"1347"	"ZNF837"	"histone"	0
"1348"	"TEAD3"	"histone"	0
"1349"	"EXOSC4"	"histone"	0
"1350"	"BAX"	"histone"	765
"1351"	"TIMM44"	"histone"	0
"1352"	"FLAD1"	"histone"	0
"1353"	"NR1H2"	"histone"	0
"1354"	"MMP24"	"histone"	0
"1355"	"TMEM65"	"histone"	0
"1356"	"COL21A1"	"histone"	0
"1357"	"NHP2"	"histone"	4
"1358"	"ID2"	"histone"	46
"1359"	"DUSP22"	"histone"	0
"1360"	"COASY"	"histone"	0
"1361"	"MPV17"	"histone"	1
"1362"	"SNRPD2"	"histone"	0
"1363"	"COMMD7"	"histone"	0
"1364"	"ANKRD16"	"histone"	0
"1365"	"MRPL11"	"histone"	0
"1366"	"POLR2K"	"histone"	0
"1367"	"MFSD5"	"histone"	0
"1368"	"UBE2J2"	"histone"	0
"1369"	"BCKDK"	"histone"	0
"1370"	"RHOG"	"histone"	2
"1371"	"C19orf24"	"histone"	0
"1372"	"UCK1"	"histone"	0
"1373"	"STYXL1"	"histone"	0
"1374"	"ALKBH2"	"histone"	4
"1375"	"SMAD7"	"histone"	54
"1376"	"PUS1"	"histone"	0
"1377"	"VPS25"	"histone"	2
"1378"	"NUDT16L1"	"histone"	1
"1379"	"EDF1"	"histone"	2
"1380"	"COX4I1"	"histone"	1
"1381"	"ATF6B"	"histone"	0
"1382"	"TEX264"	"histone"	0
"1383"	"DAXX"	"histone"	143
"1384"	"SLC19A1"	"histone"	3
"1385"	"KCNS3"	"histone"	0
"1386"	"TMEM147"	"histone"	0
"1387"	"PDZRN3"	"histone"	1
"1388"	"SLC35C2"	"histone"	1
"1389"	"MGAT1"	"histone"	0
"1390"	"MPLKIP"	"histone"	0
"1391"	"SLC10A3"	"histone"	0
"1392"	"PSD4"	"histone"	0
"1393"	"ZFYVE27"	"histone"	0
"1394"	"SNX17"	"histone"	0
"1395"	"SCAMP3"	"histone"	0
"1396"	"PEX16"	"histone"	2
"1397"	"AAR2"	"histone"	0
"1398"	"P2RX4"	"histone"	1
"1399"	"CTBP2"	"histone"	27
"1400"	"TMEM219"	"histone"	0
"1401"	"GSTK1"	"histone"	0
"1402"	"TSPAN13"	"histone"	1
"1403"	"RHOB"	"histone"	32
"1404"	"URM1"	"histone"	2
"1405"	"MST1R"	"histone"	1
"1406"	"SUMO3"	"histone"	20
"1407"	"MVK"	"histone"	0
"1408"	"GTF3C2"	"histone"	0
"1409"	"LEPROTL1"	"histone"	0
"1410"	"KAT8"	"histone"	130
"1411"	"STAP2"	"histone"	0
"1412"	"TMEM62"	"histone"	0
"1413"	"BRMS1"	"histone"	24
"1414"	"TMEM179B"	"histone"	0
"1415"	"VPS28"	"histone"	0
"1416"	"RBM12"	"histone"	1
"1417"	"C17orf62"	"histone"	0
"1418"	"BLCAP"	"histone"	1
"1419"	"ATP6V0B"	"histone"	0
"1420"	"PSMB4"	"histone"	2
"1421"	"APEH"	"histone"	0
"1422"	"MFSD3"	"histone"	0
"1423"	"NUDT22"	"histone"	0
"1424"	"PIGO"	"histone"	0
"1425"	"MINDY2"	"histone"	0
"1426"	"TM7SF2"	"histone"	0
"1427"	"MRPL4"	"histone"	0
"1428"	"JTB"	"histone"	2
"1429"	"FARSA"	"histone"	0
"1430"	"RENBP"	"histone"	0
"1431"	"TANGO2"	"histone"	0
"1432"	"AP5S1"	"histone"	0
"1433"	"HTRA2"	"histone"	11
"1434"	"NUBP2"	"histone"	0
"1435"	"WRB"	"histone"	2
"1436"	"UBE2I"	"histone"	3
"1437"	"Probes"	"pneumonia"	296
"1438"	"MARCH7"	"pneumonia"	0
"1439"	"SEPT10"	"pneumonia"	0
"1440"	"AASS"	"pneumonia"	1
"1441"	"AATF"	"pneumonia"	0
"1442"	"ACACA"	"pneumonia"	0
"1443"	"ACADM"	"pneumonia"	0
"1444"	"ACE2"	"pneumonia"	23
"1445"	"ACSL1"	"pneumonia"	0
"1446"	"ACSL5"	"pneumonia"	0
"1447"	"ACSM3"	"pneumonia"	0
"1448"	"ACSS3"	"pneumonia"	0
"1449"	"ADAM10"	"pneumonia"	10
"1450"	"ADAMTS3"	"pneumonia"	0
"1451"	"ADD3"	"pneumonia"	0
"1452"	"ADSS"	"pneumonia"	1
"1453"	"AGL"	"pneumonia"	0
"1454"	"AGTPBP1"	"pneumonia"	0
"1455"	"AHCYL2"	"pneumonia"	0
"1456"	"AIFM1"	"pneumonia"	0
"1457"	"AKAP12"	"pneumonia"	0
"1458"	"AKAP7"	"pneumonia"	0
"1459"	"AKAP9"	"pneumonia"	0
"1460"	"ALKBH3"	"pneumonia"	0
"1461"	"ALOX15B"	"pneumonia"	0
"1462"	"ALPK1"	"pneumonia"	0
"1463"	"ANK3"	"pneumonia"	0
"1464"	"ANKRD17"	"pneumonia"	0
"1465"	"ANKRD36C"	"pneumonia"	0
"1466"	"AP2B1"	"pneumonia"	0
"1467"	"AP3B1"	"pneumonia"	3
"1468"	"AP5M1"	"pneumonia"	0
"1469"	"API5"	"pneumonia"	0
"1470"	"AQR"	"pneumonia"	0
"1471"	"ARFGEF1"	"pneumonia"	0
"1472"	"ARHGAP12"	"pneumonia"	0
"1473"	"ARHGAP18"	"pneumonia"	0
"1474"	"ARHGAP42"	"pneumonia"	0
"1475"	"ARID4A"	"pneumonia"	0
"1476"	"ARL15"	"pneumonia"	0
"1477"	"ARL6IP1"	"pneumonia"	0
"1478"	"ARMC8"	"pneumonia"	0
"1479"	"ARPC2"	"pneumonia"	0
"1480"	"ASCC3"	"pneumonia"	0
"1481"	"ASPH"	"pneumonia"	0
"1482"	"ATAD1"	"pneumonia"	0
"1483"	"ATE1"	"pneumonia"	0
"1484"	"ATF1"	"pneumonia"	0
"1485"	"ATG2B"	"pneumonia"	0
"1486"	"ATG3"	"pneumonia"	0
"1487"	"ATG4A"	"pneumonia"	0
"1488"	"ATIC"	"pneumonia"	2
"1489"	"ATMIN"	"pneumonia"	0
"1490"	"ATP11B"	"pneumonia"	0
"1491"	"ATP11C"	"pneumonia"	0
"1492"	"ATP6V1C1"	"pneumonia"	0
"1493"	"ATP6V1D"	"pneumonia"	0
"1494"	"ATP6V1E1"	"pneumonia"	0
"1495"	"ATP9B"	"pneumonia"	1
"1496"	"ATRX"	"pneumonia"	1
"1497"	"AZIN1"	"pneumonia"	0
"1498"	"BAZ1B"	"pneumonia"	0
"1499"	"BBS7"	"pneumonia"	0
"1500"	"BCAP29"	"pneumonia"	0
"1501"	"BCLAF3"	"pneumonia"	0
"1502"	"BLZF1"	"pneumonia"	0
"1503"	"BOD1L1"	"pneumonia"	0
"1504"	"BROX"	"pneumonia"	4
"1505"	"BRWD3"	"pneumonia"	0
"1506"	"BZW1"	"pneumonia"	0
"1507"	"C10orf76"	"pneumonia"	0
"1508"	"C11orf58"	"pneumonia"	0
"1509"	"C12orf4"	"pneumonia"	0
"1510"	"C1GALT1"	"pneumonia"	0
"1511"	"C1orf112"	"pneumonia"	0
"1512"	"C1orf27"	"pneumonia"	0
"1513"	"C5"	"pneumonia"	96
"1514"	"C5orf42"	"pneumonia"	0
"1515"	"C6orf62"	"pneumonia"	0
"1516"	"CAPZA1"	"pneumonia"	0
"1517"	"CAST"	"pneumonia"	59
"1518"	"CBX1"	"pneumonia"	0
"1519"	"CCAR1"	"pneumonia"	0
"1520"	"CCDC91"	"pneumonia"	0
"1521"	"CCNG1"	"pneumonia"	0
"1522"	"CCP110"	"pneumonia"	0
"1523"	"CCSER2"	"pneumonia"	0
"1524"	"CCT4"	"pneumonia"	0
"1525"	"CD164"	"pneumonia"	0
"1526"	"CD46"	"pneumonia"	8
"1527"	"CDC37L1"	"pneumonia"	0
"1528"	"CDC42BPA"	"pneumonia"	1
"1529"	"CDC73"	"pneumonia"	0
"1530"	"CENPC"	"pneumonia"	0
"1531"	"CEP57"	"pneumonia"	0
"1532"	"CEP70"	"pneumonia"	0
"1533"	"CEP83"	"pneumonia"	0
"1534"	"CFH"	"pneumonia"	11
"1535"	"CFTR"	"pneumonia"	127
"1536"	"CHD1"	"pneumonia"	0
"1537"	"CHD6"	"pneumonia"	0
"1538"	"CIR1"	"pneumonia"	0
"1539"	"CKAP2"	"pneumonia"	0
"1540"	"CLCC1"	"pneumonia"	0
"1541"	"CLIP1"	"pneumonia"	0
"1542"	"CLTC"	"pneumonia"	0
"1543"	"CNDP2"	"pneumonia"	0
"1544"	"CNOT1"	"pneumonia"	0
"1545"	"CNOT10"	"pneumonia"	0
"1546"	"CNOT7"	"pneumonia"	0
"1547"	"CNTRL"	"pneumonia"	0
"1548"	"COBLL1"	"pneumonia"	0
"1549"	"COG5"	"pneumonia"	0
"1550"	"COPS2"	"pneumonia"	0
"1551"	"COX15"	"pneumonia"	0
"1552"	"CREB1"	"pneumonia"	3
"1553"	"CS"	"pneumonia"	693
"1554"	"CSE1L"	"pneumonia"	0
"1555"	"CSNK1A1"	"pneumonia"	0
"1556"	"CTNNB1"	"pneumonia"	5
"1557"	"CTR9"	"pneumonia"	0
"1558"	"CUL4A"	"pneumonia"	0
"1559"	"CWC22"	"pneumonia"	0
"1560"	"CYP2C18"	"pneumonia"	0
"1561"	"DAAM1"	"pneumonia"	0
"1562"	"DAP3"	"pneumonia"	0
"1563"	"DARS"	"pneumonia"	3
"1564"	"DCAF6"	"pneumonia"	0
"1565"	"DCBLD2"	"pneumonia"	0
"1566"	"DDHD1"	"pneumonia"	0
"1567"	"DENND4A"	"pneumonia"	0
"1568"	"DENND4C"	"pneumonia"	0
"1569"	"DHX32"	"pneumonia"	0
"1570"	"DICER1"	"pneumonia"	0
"1571"	"DLD"	"pneumonia"	13
"1572"	"DMXL1"	"pneumonia"	0
"1573"	"DNAJC10"	"pneumonia"	0
"1574"	"DNAJC13"	"pneumonia"	0
"1575"	"DNTTIP2"	"pneumonia"	0
"1576"	"DPYD"	"pneumonia"	2
"1577"	"DYNC1LI1"	"pneumonia"	0
"1578"	"DYNLT3"	"pneumonia"	0
"1579"	"ECHDC1"	"pneumonia"	0
"1580"	"EDEM3"	"pneumonia"	0
"1581"	"EED"	"pneumonia"	7
"1582"	"EFCAB7"	"pneumonia"	0
"1583"	"EFR3A"	"pneumonia"	0
"1584"	"EFTUD2"	"pneumonia"	0
"1585"	"EIF3A"	"pneumonia"	0
"1586"	"EIF3D"	"pneumonia"	0
"1587"	"EIF3M"	"pneumonia"	0
"1588"	"ELOA"	"pneumonia"	0
"1589"	"ELOVL5"	"pneumonia"	0
"1590"	"EPB41L4A"	"pneumonia"	0
"1591"	"EPC2"	"pneumonia"	0
"1592"	"EPS8"	"pneumonia"	1
"1593"	"ERC1"	"pneumonia"	0
"1594"	"ERGIC2"	"pneumonia"	0
"1595"	"ERI2"	"pneumonia"	0
"1596"	"EXOC8"	"pneumonia"	0
"1597"	"EXOSC9"	"pneumonia"	0
"1598"	"FAF1"	"pneumonia"	1
"1599"	"FAM102B"	"pneumonia"	0
"1600"	"FAM199X"	"pneumonia"	0
"1601"	"FAM214A"	"pneumonia"	0
"1602"	"FBXL3"	"pneumonia"	0
"1603"	"FBXO3"	"pneumonia"	1
"1604"	"FBXO30"	"pneumonia"	0
"1605"	"FCHO2"	"pneumonia"	0
"1606"	"FEM1B"	"pneumonia"	0
"1607"	"FGD4"	"pneumonia"	0
"1608"	"FGFR1OP2"	"pneumonia"	0
"1609"	"FIG4"	"pneumonia"	0
"1610"	"FIP1L1"	"pneumonia"	3
"1611"	"FNDC3A"	"pneumonia"	0
"1612"	"FNIP2"	"pneumonia"	0
"1613"	"G3BP1"	"pneumonia"	1
"1614"	"GALNT1"	"pneumonia"	0
"1615"	"GART"	"pneumonia"	0
"1616"	"GCC2"	"pneumonia"	1
"1617"	"GCLC"	"pneumonia"	4
"1618"	"GFM2"	"pneumonia"	0
"1619"	"GGNBP2"	"pneumonia"	0
"1620"	"GIGYF2"	"pneumonia"	0
"1621"	"GNA13"	"pneumonia"	0
"1622"	"GNE"	"pneumonia"	0
"1623"	"GOLIM4"	"pneumonia"	0
"1624"	"GOPC"	"pneumonia"	1
"1625"	"GPATCH2"	"pneumonia"	0
"1626"	"GPBP1"	"pneumonia"	0
"1627"	"GPHN"	"pneumonia"	0
"1628"	"GPN3"	"pneumonia"	0
"1629"	"GSKIP"	"pneumonia"	0
"1630"	"GTF2H1"	"pneumonia"	0
"1631"	"HACD2"	"pneumonia"	0
"1632"	"HAT1"	"pneumonia"	0
"1633"	"HCFC2"	"pneumonia"	0
"1634"	"HDAC2"	"pneumonia"	16
"1635"	"HEATR5A"	"pneumonia"	0
"1636"	"HGD"	"pneumonia"	2
"1637"	"HIF1A"	"pneumonia"	16
"1638"	"HMGB1"	"pneumonia"	91
"1639"	"HMGB2"	"pneumonia"	0
"1640"	"HNRNPA3"	"pneumonia"	0
"1641"	"HNRNPDL"	"pneumonia"	0
"1642"	"HNRNPH2"	"pneumonia"	0
"1643"	"HNRNPLL"	"pneumonia"	0
"1644"	"HOOK3"	"pneumonia"	0
"1645"	"HS2ST1"	"pneumonia"	0
"1646"	"HSD17B4"	"pneumonia"	0
"1647"	"HSPA4"	"pneumonia"	0
"1648"	"IBTK"	"pneumonia"	0
"1649"	"ICE1"	"pneumonia"	0
"1650"	"IDH1"	"pneumonia"	0
"1651"	"IDH3A"	"pneumonia"	0
"1652"	"IFT80"	"pneumonia"	0
"1653"	"IL13RA1"	"pneumonia"	6
"1654"	"IMPA1"	"pneumonia"	0
"1655"	"INTS12"	"pneumonia"	0
"1656"	"IPO7"	"pneumonia"	0
"1657"	"IQGAP1"	"pneumonia"	2
"1658"	"KANSL1L"	"pneumonia"	0
"1659"	"KARS"	"pneumonia"	3
"1660"	"KAT2B"	"pneumonia"	1
"1661"	"KATNBL1"	"pneumonia"	0
"1662"	"KDM3A"	"pneumonia"	0
"1663"	"KDM5B"	"pneumonia"	0
"1664"	"KIAA1586"	"pneumonia"	0
"1665"	"KIF27"	"pneumonia"	1
"1666"	"KIF3A"	"pneumonia"	0
"1667"	"KIZ"	"pneumonia"	1
"1668"	"KLHDC10"	"pneumonia"	0
"1669"	"KLHL7"	"pneumonia"	0
"1670"	"KLHL8"	"pneumonia"	0
"1671"	"KMO"	"pneumonia"	0
"1672"	"KNTC1"	"pneumonia"	1
"1673"	"KPNA3"	"pneumonia"	0
"1674"	"KTN1"	"pneumonia"	0
"1675"	"LARP4"	"pneumonia"	0
"1676"	"LGALS8"	"pneumonia"	0
"1677"	"LIG4"	"pneumonia"	1
"1678"	"LIN7C"	"pneumonia"	0
"1679"	"LMBRD2"	"pneumonia"	0
"1680"	"LRPPRC"	"pneumonia"	0
"1681"	"LRRC40"	"pneumonia"	0
"1682"	"LUC7L3"	"pneumonia"	0
"1683"	"LYSMD3"	"pneumonia"	0
"1684"	"MALT1"	"pneumonia"	1
"1685"	"MAN2A1"	"pneumonia"	0
"1686"	"MAP3K4"	"pneumonia"	0
"1687"	"MAP4K5"	"pneumonia"	0
"1688"	"MAP9"	"pneumonia"	0
"1689"	"MAPK9"	"pneumonia"	0
"1690"	"MBD4"	"pneumonia"	0
"1691"	"MBNL1"	"pneumonia"	0
"1692"	"MBNL2"	"pneumonia"	0
"1693"	"MBNL3"	"pneumonia"	0
"1694"	"MECOM"	"pneumonia"	0
"1695"	"MED13"	"pneumonia"	0
"1696"	"MED21"	"pneumonia"	0
"1697"	"MED23"	"pneumonia"	0
"1698"	"METTL4"	"pneumonia"	0
"1699"	"MFN1"	"pneumonia"	0
"1700"	"MFSD2A"	"pneumonia"	0
"1701"	"MIB1"	"pneumonia"	0
"1702"	"MICU1"	"pneumonia"	0
"1703"	"MIPOL1"	"pneumonia"	0
"1704"	"MIS18BP1"	"pneumonia"	0
"1705"	"MKL2"	"pneumonia"	1
"1706"	"MLLT3"	"pneumonia"	0
"1707"	"MMAA"	"pneumonia"	0
"1708"	"MNAT1"	"pneumonia"	0
"1709"	"MOB1B"	"pneumonia"	0
"1710"	"MORC4"	"pneumonia"	0
"1711"	"MORF4L1"	"pneumonia"	1
"1712"	"MOSPD1"	"pneumonia"	0
"1713"	"MOSPD2"	"pneumonia"	0
"1714"	"MR1"	"pneumonia"	4
"1715"	"MRPL3"	"pneumonia"	0
"1716"	"MRPL47"	"pneumonia"	0
"1717"	"MSH2"	"pneumonia"	1
"1718"	"MTDH"	"pneumonia"	0
"1719"	"MTMR6"	"pneumonia"	0
"1720"	"MTUS1"	"pneumonia"	0
"1721"	"MYO6"	"pneumonia"	0
"1722"	"MYO9A"	"pneumonia"	0
"1723"	"MYSM1"	"pneumonia"	0
"1724"	"NAA16"	"pneumonia"	0
"1725"	"NAA50"	"pneumonia"	0
"1726"	"NADK2"	"pneumonia"	0
"1727"	"NAE1"	"pneumonia"	0
"1728"	"NAP1L1"	"pneumonia"	0
"1729"	"NBAS"	"pneumonia"	0
"1730"	"NBEA"	"pneumonia"	0
"1731"	"NBEAL1"	"pneumonia"	0
"1732"	"NEGR1"	"pneumonia"	0
"1733"	"NKAP"	"pneumonia"	0
"1734"	"NMD3"	"pneumonia"	0
"1735"	"NNT"	"pneumonia"	29
"1736"	"NOC3L"	"pneumonia"	0
"1737"	"NOL8"	"pneumonia"	0
"1738"	"NR2C1"	"pneumonia"	0
"1739"	"NSDHL"	"pneumonia"	0
"1740"	"NSMCE2"	"pneumonia"	0
"1741"	"NT5DC1"	"pneumonia"	0
"1742"	"NTN4"	"pneumonia"	0
"1743"	"NUP54"	"pneumonia"	0
"1744"	"NXT2"	"pneumonia"	0
"1745"	"OCRL"	"pneumonia"	1
"1746"	"ODF2L"	"pneumonia"	0
"1747"	"OGFOD1"	"pneumonia"	0
"1748"	"OSBPL8"	"pneumonia"	0
"1749"	"P4HA1"	"pneumonia"	0
"1750"	"PALB2"	"pneumonia"	0
"1751"	"PAPOLA"	"pneumonia"	1
"1752"	"PDE4DIP"	"pneumonia"	0
"1753"	"PDE8A"	"pneumonia"	0
"1754"	"PDIA3"	"pneumonia"	0
"1755"	"PEX3"	"pneumonia"	1
"1756"	"PHF14"	"pneumonia"	0
"1757"	"PHF20L1"	"pneumonia"	0
"1758"	"PHIP"	"pneumonia"	0
"1759"	"PHKB"	"pneumonia"	0
"1760"	"PIAS2"	"pneumonia"	0
"1761"	"PIBF1"	"pneumonia"	0
"1762"	"PIGN"	"pneumonia"	4
"1763"	"PIK3C3"	"pneumonia"	0
"1764"	"PIK3CA"	"pneumonia"	3
"1765"	"PKN2"	"pneumonia"	0
"1766"	"PLA2G4A"	"pneumonia"	14
"1767"	"PLEKHA5"	"pneumonia"	0
"1768"	"PLOD2"	"pneumonia"	0
"1769"	"PNN"	"pneumonia"	1
"1770"	"PNPLA8"	"pneumonia"	0
"1771"	"PNRC2"	"pneumonia"	0
"1772"	"POLA1"	"pneumonia"	0
"1773"	"POLD3"	"pneumonia"	0
"1774"	"POLR3C"	"pneumonia"	0
"1775"	"POSTN"	"pneumonia"	7
"1776"	"POT1"	"pneumonia"	0
"1777"	"PPFIA1"	"pneumonia"	0
"1778"	"PPIG"	"pneumonia"	0
"1779"	"PPM1B"	"pneumonia"	0
"1780"	"PPP1CB"	"pneumonia"	0
"1781"	"PPP1R12A"	"pneumonia"	2
"1782"	"PPP2R3C"	"pneumonia"	0
"1783"	"PPP2R5C"	"pneumonia"	0
"1784"	"PPP3CA"	"pneumonia"	0
"1785"	"PPP4R3B"	"pneumonia"	0
"1786"	"PPP6C"	"pneumonia"	0
"1787"	"PPP6R3"	"pneumonia"	0
"1788"	"PREP"	"pneumonia"	10
"1789"	"PRKAA1"	"pneumonia"	0
"1790"	"PRKDC"	"pneumonia"	3
"1791"	"PRPF39"	"pneumonia"	0
"1792"	"PRPF4B"	"pneumonia"	0
"1793"	"PSMD1"	"pneumonia"	1
"1794"	"PTDSS1"	"pneumonia"	0
"1795"	"PTGES3"	"pneumonia"	0
"1796"	"PTPN2"	"pneumonia"	0
"1797"	"RAB18"	"pneumonia"	0
"1798"	"RAB8B"	"pneumonia"	0
"1799"	"RABGAP1L"	"pneumonia"	0
"1800"	"RAD17"	"pneumonia"	0
"1801"	"RAD21"	"pneumonia"	0
"1802"	"RAI14"	"pneumonia"	0
"1803"	"RANBP2"	"pneumonia"	1
"1804"	"RANBP9"	"pneumonia"	0
"1805"	"RAP1GDS1"	"pneumonia"	0
"1806"	"RAPGEF2"	"pneumonia"	1
"1807"	"RARS"	"pneumonia"	4
"1808"	"RB1"	"pneumonia"	3
"1809"	"RBBP4"	"pneumonia"	0
"1810"	"RBM39"	"pneumonia"	0
"1811"	"RDH11"	"pneumonia"	0
"1812"	"RFX7"	"pneumonia"	0
"1813"	"RHOT1"	"pneumonia"	0
"1814"	"RICTOR"	"pneumonia"	1
"1815"	"RNMT"	"pneumonia"	0
"1816"	"ROBO1"	"pneumonia"	1
"1817"	"ROCK1"	"pneumonia"	3
"1818"	"ROCK2"	"pneumonia"	3
"1819"	"RORA"	"pneumonia"	3
"1820"	"RPRD1A"	"pneumonia"	0
"1821"	"RPS6KC1"	"pneumonia"	0
"1822"	"RSRC2"	"pneumonia"	0
"1823"	"RTN4"	"pneumonia"	1
"1824"	"SACM1L"	"pneumonia"	0
"1825"	"SAMSN1"	"pneumonia"	0
"1826"	"SBNO1"	"pneumonia"	0
"1827"	"SEC23A"	"pneumonia"	0
"1828"	"SEC24B"	"pneumonia"	0
"1829"	"SEC24D"	"pneumonia"	0
"1830"	"SECISBP2L"	"pneumonia"	0
"1831"	"SEL1L3"	"pneumonia"	0
"1832"	"SENP6"	"pneumonia"	0
"1833"	"SERAC1"	"pneumonia"	0
"1834"	"SF3B1"	"pneumonia"	0
"1835"	"SGCB"	"pneumonia"	0
"1836"	"SH3YL1"	"pneumonia"	0
"1837"	"SHOC2"	"pneumonia"	0
"1838"	"SHPRH"	"pneumonia"	0
"1839"	"SKIV2L2"	"pneumonia"	0
"1840"	"SLC1A3"	"pneumonia"	0
"1841"	"SLC30A5"	"pneumonia"	0
"1842"	"SLC39A10"	"pneumonia"	0
"1843"	"SLC4A4"	"pneumonia"	0
"1844"	"SLC9A6"	"pneumonia"	0
"1845"	"SLTM"	"pneumonia"	0
"1846"	"SMAD2"	"pneumonia"	14
"1847"	"SMARCA5"	"pneumonia"	0
"1848"	"SMC1A"	"pneumonia"	1
"1849"	"SMC5"	"pneumonia"	1
"1850"	"SMNDC1"	"pneumonia"	0
"1851"	"SNAP23"	"pneumonia"	0
"1852"	"SNX4"	"pneumonia"	0
"1853"	"SOCS4"	"pneumonia"	0
"1854"	"SOCS5"	"pneumonia"	0
"1855"	"SP4"	"pneumonia"	9
"1856"	"SPINK5"	"pneumonia"	1
"1857"	"SRBD1"	"pneumonia"	0
"1858"	"SREK1"	"pneumonia"	0
"1859"	"SRP54"	"pneumonia"	0
"1860"	"SRPK2"	"pneumonia"	0
"1861"	"SRPRB"	"pneumonia"	0
"1862"	"SRSF11"	"pneumonia"	0
"1863"	"ST3GAL5"	"pneumonia"	0
"1864"	"ST3GAL6"	"pneumonia"	0
"1865"	"STAG2"	"pneumonia"	1
"1866"	"STK17B"	"pneumonia"	0
"1867"	"STRN"	"pneumonia"	0
"1868"	"STX17"	"pneumonia"	1
"1869"	"SUCLA2"	"pneumonia"	0
"1870"	"SUCO"	"pneumonia"	0
"1871"	"SUMO4"	"pneumonia"	0
"1872"	"SYF2"	"pneumonia"	0
"1873"	"SYNJ1"	"pneumonia"	0
"1874"	"TAB2"	"pneumonia"	1
"1875"	"TAF1D"	"pneumonia"	0
"1876"	"TANK"	"pneumonia"	72
"1877"	"TCF12"	"pneumonia"	0
"1878"	"TDP2"	"pneumonia"	0
"1879"	"TERF1"	"pneumonia"	0
"1880"	"TFPI"	"pneumonia"	14
"1881"	"THADA"	"pneumonia"	0
"1882"	"THUMPD1"	"pneumonia"	0
"1883"	"TIPRL"	"pneumonia"	0
"1884"	"TLK1"	"pneumonia"	0
"1885"	"TLR3"	"pneumonia"	56
"1886"	"TM9SF3"	"pneumonia"	0
"1887"	"TMCC1"	"pneumonia"	0
"1888"	"TMEM164"	"pneumonia"	0
"1889"	"TMEM167A"	"pneumonia"	0
"1890"	"TMEM263"	"pneumonia"	0
"1891"	"TMEM268"	"pneumonia"	0
"1892"	"TMEM30A"	"pneumonia"	0
"1893"	"TMEM87A"	"pneumonia"	0
"1894"	"TMF1"	"pneumonia"	0
"1895"	"TOGARAM1"	"pneumonia"	0
"1896"	"TOP1"	"pneumonia"	1
"1897"	"TOPORS"	"pneumonia"	0
"1898"	"TPK1"	"pneumonia"	0
"1899"	"TPP2"	"pneumonia"	0
"1900"	"TRAPPC6B"	"pneumonia"	0
"1901"	"TRIP11"	"pneumonia"	0
"1902"	"TRIP12"	"pneumonia"	0
"1903"	"TRMT1L"	"pneumonia"	0
"1904"	"TRPM7"	"pneumonia"	0
"1905"	"TSNAX"	"pneumonia"	0
"1906"	"TTC1"	"pneumonia"	0
"1907"	"TTC17"	"pneumonia"	0
"1908"	"TTC37"	"pneumonia"	1
"1909"	"TTC39B"	"pneumonia"	0
"1910"	"TWSG1"	"pneumonia"	0
"1911"	"TXNDC9"	"pneumonia"	0
"1912"	"UBA3"	"pneumonia"	0
"1913"	"UBA6"	"pneumonia"	0
"1914"	"UBE2H"	"pneumonia"	0
"1915"	"UBE2Q2"	"pneumonia"	0
"1916"	"UBE2W"	"pneumonia"	0
"1917"	"UBLCP1"	"pneumonia"	0
"1918"	"UBR2"	"pneumonia"	0
"1919"	"UBR5"	"pneumonia"	0
"1920"	"UBXN4"	"pneumonia"	0
"1921"	"UEVLD"	"pneumonia"	0
"1922"	"UFL1"	"pneumonia"	0
"1923"	"UFM1"	"pneumonia"	0
"1924"	"UGP2"	"pneumonia"	0
"1925"	"USO1"	"pneumonia"	0
"1926"	"USP16"	"pneumonia"	0
"1927"	"USP24"	"pneumonia"	0
"1928"	"USP25"	"pneumonia"	0
"1929"	"USP8"	"pneumonia"	0
"1930"	"UVRAG"	"pneumonia"	0
"1931"	"VPS13A"	"pneumonia"	0
"1932"	"VPS26A"	"pneumonia"	0
"1933"	"VPS36"	"pneumonia"	0
"1934"	"VPS41"	"pneumonia"	0
"1935"	"VPS45"	"pneumonia"	0
"1936"	"VPS50"	"pneumonia"	0
"1937"	"VPS8"	"pneumonia"	0
"1938"	"VRK2"	"pneumonia"	0
"1939"	"VWA8"	"pneumonia"	0
"1940"	"WDR33"	"pneumonia"	0
"1941"	"WDR44"	"pneumonia"	0
"1942"	"WDR48"	"pneumonia"	0
"1943"	"XPA"	"pneumonia"	2
"1944"	"XPO4"	"pneumonia"	0
"1945"	"XRCC4"	"pneumonia"	0
"1946"	"XRN1"	"pneumonia"	0
"1947"	"YAP1"	"pneumonia"	1
"1948"	"ZC3H6"	"pneumonia"	0
"1949"	"ZDHHC3"	"pneumonia"	0
"1950"	"ZEB1"	"pneumonia"	4
"1951"	"ZFAND1"	"pneumonia"	0
"1952"	"ZFP30"	"pneumonia"	1
"1953"	"ZFYVE16"	"pneumonia"	0
"1954"	"ZMYM4"	"pneumonia"	0
"1955"	"ZMYND11"	"pneumonia"	0
"1956"	"ZNF138"	"pneumonia"	0
"1957"	"ZNF140"	"pneumonia"	0
"1958"	"ZNF146"	"pneumonia"	0
"1959"	"ZNF175"	"pneumonia"	0
"1960"	"ZNF197"	"pneumonia"	0
"1961"	"ZNF260"	"pneumonia"	0
"1962"	"ZNF280C"	"pneumonia"	0
"1963"	"ZNF330"	"pneumonia"	0
"1964"	"ZNF347"	"pneumonia"	0
"1965"	"ZNF354A"	"pneumonia"	0
"1966"	"ZNF354B"	"pneumonia"	0
"1967"	"ZNF43"	"pneumonia"	0
"1968"	"ZNF438"	"pneumonia"	0
"1969"	"ZNF470"	"pneumonia"	0
"1970"	"ZNF521"	"pneumonia"	0
"1971"	"ZNF561"	"pneumonia"	0
"1972"	"ZNF638"	"pneumonia"	0
"1973"	"ZNF644"	"pneumonia"	0
"1974"	"ZNF699"	"pneumonia"	0
"1975"	"ZNF708"	"pneumonia"	0
"1976"	"ZNF75A"	"pneumonia"	0
"1977"	"ZNF791"	"pneumonia"	0
"1978"	"ZNF83"	"pneumonia"	0
"1979"	"ZNF841"	"pneumonia"	0
"1980"	"ZNF845"	"pneumonia"	0
"1981"	"ZRANB2"	"pneumonia"	0
"1982"	"GAS5"	"pneumonia"	1
"1983"	"GADD45GIP1"	"pneumonia"	0
"1984"	"RPL10A"	"pneumonia"	0
"1985"	"SNORD6"	"pneumonia"	0
"1986"	"S100A3"	"pneumonia"	0
"1987"	"KREMEN1"	"pneumonia"	0
"1988"	"SEMA3B"	"pneumonia"	0
"1989"	"ZNF703"	"pneumonia"	0
"1990"	"APH1A"	"pneumonia"	0
"1991"	"MYADM"	"pneumonia"	0
"1992"	"TMEM128"	"pneumonia"	0
"1993"	"MRPL10"	"pneumonia"	0
"1994"	"ITM2A"	"pneumonia"	0
"1995"	"FEM1A"	"pneumonia"	1
"1996"	"ZFP92"	"pneumonia"	0
"1997"	"CBY1"	"pneumonia"	0
"1998"	"DVL1"	"pneumonia"	0
"1999"	"FZD1"	"pneumonia"	0
"2000"	"DYNLRB1"	"pneumonia"	0
"2001"	"ALS2CL"	"pneumonia"	0
"2002"	"SLITRK2"	"pneumonia"	1
"2003"	"ANXA11"	"pneumonia"	0
"2004"	"ANO1"	"pneumonia"	0
"2005"	"ILK"	"pneumonia"	4
"2006"	"FXYD3"	"pneumonia"	0
"2007"	"VOPP1"	"pneumonia"	0
"2008"	"PRELID1"	"pneumonia"	0
"2009"	"ST8SIA1"	"pneumonia"	0
"2010"	"ZFP36L1"	"pneumonia"	1
"2011"	"CUTA"	"pneumonia"	1
"2012"	"HMGCLL1"	"pneumonia"	0
"2013"	"FAM220A"	"pneumonia"	0
"2014"	"PCDHB10"	"pneumonia"	0
"2015"	"MIR130A"	"pneumonia"	0
"2016"	"PCDHB15"	"pneumonia"	0
"2017"	"HERPUD2"	"pneumonia"	0
"2018"	"SIGIRR"	"pneumonia"	5
"2019"	"OTUD1"	"pneumonia"	0
"2020"	"SCARA3"	"pneumonia"	0
"2021"	"TMEM230"	"pneumonia"	0
"2022"	"OTUB1"	"pneumonia"	0
"2023"	"YIF1B"	"pneumonia"	0
"2024"	"PLXNA3"	"pneumonia"	1
"2025"	"CNKSR1"	"pneumonia"	0
"2026"	"BST2"	"pneumonia"	2
"2027"	"RFXANK"	"pneumonia"	3
"2028"	"RPS28"	"pneumonia"	0
"2029"	"FAM109A"	"pneumonia"	0
"2030"	"C4orf46"	"pneumonia"	0
"2031"	"MFSD10"	"pneumonia"	0
"2032"	"ADGRL3"	"pneumonia"	0
"2033"	"OXLD1"	"pneumonia"	0
"2034"	"TAZ"	"pneumonia"	32
"2035"	"HNRNPUL1"	"pneumonia"	0
"2036"	"FGFRL1"	"pneumonia"	0
"2037"	"SCAND1"	"pneumonia"	0
"2038"	"INF2"	"pneumonia"	1
"2039"	"EGLN3"	"pneumonia"	0
"2040"	"ERGIC3"	"pneumonia"	0
"2041"	"THAP7"	"pneumonia"	0
"2042"	"UNC93B1"	"pneumonia"	0
"2043"	"NDUFB9"	"pneumonia"	0
"2044"	"H3F3A"	"pneumonia"	0
"2045"	"IFI27L2"	"pneumonia"	0
"2046"	"EVA1B"	"pneumonia"	0
"2047"	"ZFPM1"	"pneumonia"	0
"2048"	"CD2BP2"	"pneumonia"	0
"2049"	"FLOT1"	"pneumonia"	0
"2050"	"HDAC4"	"pneumonia"	0
"2051"	"TMEM55B"	"pneumonia"	0
"2052"	"CLN3"	"pneumonia"	1
"2053"	"DPP7"	"pneumonia"	0
"2054"	"DPH7"	"pneumonia"	0
"2055"	"TMEM138"	"pneumonia"	0
"2056"	"SPAG7"	"pneumonia"	0
"2057"	"PCDHB16"	"pneumonia"	0
"2058"	"MRPL14"	"pneumonia"	0
"2059"	"TARBP2"	"pneumonia"	0
"2060"	"RANGRF"	"pneumonia"	0
"2061"	"RBM42"	"pneumonia"	0
"2062"	"TM2D1"	"pneumonia"	0
"2063"	"GABARAPL2"	"pneumonia"	0
"2064"	"TRIP6"	"pneumonia"	0
"2065"	"ZNF837"	"pneumonia"	0
"2066"	"TEAD3"	"pneumonia"	0
"2067"	"EXOSC4"	"pneumonia"	0
"2068"	"BAX"	"pneumonia"	53
"2069"	"TIMM44"	"pneumonia"	0
"2070"	"FLAD1"	"pneumonia"	1
"2071"	"NR1H2"	"pneumonia"	1
"2072"	"MMP24"	"pneumonia"	0
"2073"	"TMEM65"	"pneumonia"	0
"2074"	"COL21A1"	"pneumonia"	0
"2075"	"NHP2"	"pneumonia"	1
"2076"	"ID2"	"pneumonia"	0
"2077"	"DUSP22"	"pneumonia"	0
"2078"	"COASY"	"pneumonia"	0
"2079"	"MPV17"	"pneumonia"	0
"2080"	"SNRPD2"	"pneumonia"	0
"2081"	"COMMD7"	"pneumonia"	0
"2082"	"ANKRD16"	"pneumonia"	0
"2083"	"MRPL11"	"pneumonia"	0
"2084"	"POLR2K"	"pneumonia"	1
"2085"	"MFSD5"	"pneumonia"	0
"2086"	"UBE2J2"	"pneumonia"	0
"2087"	"BCKDK"	"pneumonia"	0
"2088"	"RHOG"	"pneumonia"	0
"2089"	"C19orf24"	"pneumonia"	0
"2090"	"UCK1"	"pneumonia"	0
"2091"	"STYXL1"	"pneumonia"	0
"2092"	"ALKBH2"	"pneumonia"	0
"2093"	"SMAD7"	"pneumonia"	5
"2094"	"PUS1"	"pneumonia"	0
"2095"	"VPS25"	"pneumonia"	0
"2096"	"NUDT16L1"	"pneumonia"	0
"2097"	"EDF1"	"pneumonia"	0
"2098"	"COX4I1"	"pneumonia"	0
"2099"	"ATF6B"	"pneumonia"	0
"2100"	"TEX264"	"pneumonia"	0
"2101"	"DAXX"	"pneumonia"	0
"2102"	"SLC19A1"	"pneumonia"	0
"2103"	"KCNS3"	"pneumonia"	0
"2104"	"TMEM147"	"pneumonia"	0
"2105"	"PDZRN3"	"pneumonia"	0
"2106"	"SLC35C2"	"pneumonia"	0
"2107"	"MGAT1"	"pneumonia"	0
"2108"	"MPLKIP"	"pneumonia"	0
"2109"	"SLC10A3"	"pneumonia"	0
"2110"	"PSD4"	"pneumonia"	0
"2111"	"ZFYVE27"	"pneumonia"	0
"2112"	"SNX17"	"pneumonia"	0
"2113"	"SCAMP3"	"pneumonia"	0
"2114"	"PEX16"	"pneumonia"	0
"2115"	"AAR2"	"pneumonia"	0
"2116"	"P2RX4"	"pneumonia"	1
"2117"	"CTBP2"	"pneumonia"	2
"2118"	"TMEM219"	"pneumonia"	0
"2119"	"GSTK1"	"pneumonia"	1
"2120"	"TSPAN13"	"pneumonia"	0
"2121"	"RHOB"	"pneumonia"	3
"2122"	"URM1"	"pneumonia"	0
"2123"	"MST1R"	"pneumonia"	0
"2124"	"SUMO3"	"pneumonia"	0
"2125"	"MVK"	"pneumonia"	0
"2126"	"GTF3C2"	"pneumonia"	0
"2127"	"LEPROTL1"	"pneumonia"	0
"2128"	"KAT8"	"pneumonia"	0
"2129"	"STAP2"	"pneumonia"	0
"2130"	"TMEM62"	"pneumonia"	0
"2131"	"BRMS1"	"pneumonia"	0
"2132"	"TMEM179B"	"pneumonia"	0
"2133"	"VPS28"	"pneumonia"	0
"2134"	"RBM12"	"pneumonia"	0
"2135"	"C17orf62"	"pneumonia"	0
"2136"	"BLCAP"	"pneumonia"	0
"2137"	"ATP6V0B"	"pneumonia"	0
"2138"	"PSMB4"	"pneumonia"	0
"2139"	"APEH"	"pneumonia"	1
"2140"	"MFSD3"	"pneumonia"	0
"2141"	"NUDT22"	"pneumonia"	0
"2142"	"PIGO"	"pneumonia"	1
"2143"	"MINDY2"	"pneumonia"	0
"2144"	"TM7SF2"	"pneumonia"	0
"2145"	"MRPL4"	"pneumonia"	0
"2146"	"JTB"	"pneumonia"	0
"2147"	"FARSA"	"pneumonia"	0
"2148"	"RENBP"	"pneumonia"	0
"2149"	"TANGO2"	"pneumonia"	0
"2150"	"AP5S1"	"pneumonia"	0
"2151"	"HTRA2"	"pneumonia"	0
"2152"	"NUBP2"	"pneumonia"	0
"2153"	"WRB"	"pneumonia"	0
"2154"	"UBE2I"	"pneumonia"	0
